gene,median_within_section_r,pooled_r,pooled_centred_r,null95_centred,beats_null,is_candidate,is_control
ABCA8,0.024590292892440205,-0.10991991290405202,0.017990633582638898,0.0043244734474686625,True,False,False
ABCB7,0.05342078580958429,0.037057147156204256,0.06391029512897403,0.007529241241763374,True,False,False
ACAN,0.04506098654244864,0.024011494905079346,0.055658975250735473,0.007297549319636855,True,False,False
ACAT2,0.12465790520236746,0.11455089087877723,0.12878769279765506,0.007903029164273915,True,False,False
ACBD5,0.04706001561855879,-0.01285645125992509,0.06206514191908605,0.007945938161440201,True,False,False
ACP5,0.1292970112415119,0.15098781124831218,0.14938983030388353,0.008167078379873962,True,False,False
ACTA2,0.268616116029687,0.2446892397273918,0.2953527882032166,0.007932663901648224,True,False,False
ACTB,0.06972135966203903,-0.024974574803229982,0.15100172119032096,0.008240500897480062,True,False,True
ACTC1,0.024457082368295368,-0.004929087158994906,0.0178086168209099,0.007217748370592637,True,False,False
ACTG2,0.0004315786863154275,-0.05380438675788059,0.0022500939680830997,0.007584567212593926,False,False,False
ACVRL1,0.09225236414114135,0.06519935427865468,0.10459964421670231,0.0077279691272339164,True,False,False
ADAL,0.007288159848603132,-0.1160693608029119,0.018160390676142953,0.00690925906233534,True,False,False
ADAMTSL2,0.037666410724677225,0.029105013275943316,0.03745946500011626,0.008494955942483947,True,False,False
ADAMTSL4,0.013936382175445182,-0.004557458217344344,0.04519145037830254,0.0075418372555145635,True,False,False
ADGRD1,0.03856380944263978,0.00858162863890393,0.04146361374593191,0.007666378670543829,True,False,False
ADRM1,0.11586311042180118,0.12262110309954392,0.1443537616862271,0.007727345763450548,True,True,False
AHSA1,0.14035157243248697,0.09874211638042536,0.17141870233187023,0.007653059230422092,True,True,False
AKAP8,0.06321090389166902,0.05302927122238921,0.06785097127738123,0.007643395321627018,True,False,False
AKR7A2,0.099469715234241,0.08249199983033315,0.09852560646330823,0.00820123669518965,True,False,False
AKT1,0.15503736898267775,0.062115058892127595,0.1872723735220807,0.007809166352632646,True,True,False
ALDH18A1,0.12423123829073447,0.12258884559551737,0.1524317146252256,0.008032129540030393,True,True,False
ALOX5AP,0.1572339948300624,0.1102466782124718,0.14104669025632208,0.008066493351421497,True,False,False
AMMECR1,0.031963323631437765,0.02395665858628654,0.05633135077853667,0.007317207511170292,True,False,False
ANAPC16,0.0810716890676903,-0.0337988402673743,0.1182293701271715,0.007880873789896735,True,False,False
ANKRD12,0.07978510040027288,-0.006885828587231176,0.09682673095120196,0.007576651627656967,True,False,False
ANKRD30A,0.0013617208738075004,-0.3719202507740541,-0.046907221468005356,0.007474776840619064,False,False,False
ANP32E,0.009314235211708367,-0.05689282119191339,0.025472711680171713,0.00751049543355681,True,True,False
APOBEC3B,0.06472680696107486,0.0439588577270841,0.05485895209787214,0.007683245391528633,True,False,False
APOC1,0.22988364690405072,0.10880421169457433,0.2086261282300167,0.007898445537064314,True,False,False
APOL2,0.03268867524059699,-0.14619519039550674,0.010273991706532211,0.008336797481016215,True,False,False
ARFGAP1,0.05304024580671514,-0.03344070933863131,0.05325128603752603,0.007747460610229291,True,False,False
ARFGAP2,0.06975646647271581,0.05816507198474698,0.09128248122306135,0.007779895134479018,True,False,False
ARHGAP12,0.07527315901533199,-0.024258774809849837,0.11000970357701412,0.008156468934028398,True,False,False
ARHGAP21,0.0016308671264314682,-0.17570438362686164,-0.019667817575796154,0.008228506361180382,False,False,False
ARHGEF6,0.04659868344200996,-0.07656340239624598,0.06222994283711069,0.007576870813431269,True,False,False
ARID5B,-0.028275939213752842,-0.5078367558068793,-0.015817931400130054,0.007648365716763947,False,False,False
ARL4D,-0.025721728617213453,-0.12652584867581,-0.027998600874183356,0.009157357573587193,False,False,False
ARL5A,0.005579282194920978,-0.05010756719853057,-0.003450276322449715,0.008469594032373604,False,False,False
ARL8B,0.08765161684771366,0.08669664728189631,0.09584875339581019,0.007719907870839131,True,False,False
ARPC4,0.030452767018082947,0.03193640956916771,0.04393995169552645,0.008828187271109162,True,False,False
ARV1,0.09035336235048448,0.03555339811446788,0.11819989598782216,0.007470103705187453,True,False,False
ASXL1,0.04362381080767717,-0.11510091715245176,0.05132529950613737,0.007687247926339533,True,False,False
ATF2,0.04679524510766623,-0.26246554016102924,0.060183532746668836,0.008334205488453272,True,False,False
ATP6V1D,0.08457894141328108,0.0813102207986456,0.09987679655285434,0.008332739976710402,True,True,False
ATRIP,0.04135404233618388,0.02290610754380286,0.05106227100001699,0.007337764219054275,True,False,False
ATXN10,0.10223946550621921,0.05016878659517678,0.09294951573649463,0.00745731121802649,True,False,False
ATXN2,0.030694127033518988,-0.1660252038541496,0.02344374085565369,0.00791926020340158,True,False,False
AURKAIP1,0.15620619463580887,0.15087864085509084,0.1623466631759754,0.008020594032529612,True,False,False
AURKB,0.07927273532099233,0.11383683051889129,0.11727607234166985,0.007807670928105181,True,True,False
B4GALT7,0.02040330881948952,-0.062063930667130965,0.007256741089653585,0.007519958744367896,False,True,False
BANF1,0.1866997221692739,0.19715434151686062,0.20592903655638872,0.007944650003765005,True,True,False
BAZ2B,0.046736796015330394,-0.08207821609648137,0.04121851826206828,0.0077284309943647005,True,False,False
BBS2,0.06303270323725647,-0.05650784855402084,0.07177018149237682,0.007734687280182304,True,False,False
BECN1,0.043161854427602266,0.01935613307126896,0.041129672805633885,0.008077892799422719,True,False,False
BEND3,0.06304178271943944,0.06925033278119389,0.07151906985827856,0.008019618497599296,True,True,False
BMPR1B,0.012742352951869984,0.005396484249948281,0.07032179102685815,0.00711784335870943,True,True,False
BNIP2,0.00868755719368641,-0.17183259881237653,0.016665361228639916,0.008237548047382014,True,False,False
BPTF,0.07703957370281203,0.012850372247022838,0.0808656166833835,0.008391270187556959,True,False,False
BRMS1,0.030679347395235264,0.024885890405461776,0.04583405013164388,0.0077789345971450465,True,True,False
BTBD6,0.08603484848015465,0.08126215801626281,0.09287007341257104,0.008180826657906424,True,False,False
BTN2A1,0.019334751135801135,-0.005920687221976016,0.022678521634771118,0.007051607538984003,True,False,False
BTN3A2,0.027572849449343448,0.019394047602068365,0.05200210102463053,0.007709235670206165,True,False,False
BYSL,0.09951588294699702,0.0908932149952014,0.11672783749416435,0.007469333175434155,True,True,False
C12orf54,-0.01430284657289255,-0.03352312867302599,-0.016803251557986124,0.008819433458945194,False,False,False
C14orf119,0.07539408219097844,0.0581397979395616,0.07634205901456938,0.008438305676065473,True,True,False
C17orf67,-0.011296673953344456,-0.04178395156836541,-0.007360344451867351,0.007998197563794102,False,False,False
C19orf12,0.016416918813736362,-0.053154348297073446,0.022100998770497402,0.007247520140752782,True,False,False
C19orf48,0.1555615035550308,0.12886514295123064,0.1680880497186428,0.007764732966879568,True,False,False
C1QL2,0.008561537054041828,-0.07576647512565239,0.00790064310915055,0.006085607783247967,True,False,False
C20orf27,0.04907998444273327,0.025449152757964506,0.05171397431181565,0.007759578399117252,True,False,False
C3,0.2891460500530537,0.3454667784663244,0.39841329938669995,0.007969201656424157,True,False,False
C6orf163,0.005192234837321235,-0.22879807947431402,0.005364277766981447,0.005025188446882748,True,False,False
C9orf16,0.09673793008059378,0.08284378741377794,0.12056737887163683,0.008509903532266286,True,False,False
CALD1,0.18480936208899928,0.12221875717803125,0.2617387280120813,0.008163892788647778,True,False,False
CASZ1,0.1473804322045827,0.14990791344630483,0.17336485658761905,0.007475060390682678,True,True,False
CCDC125,0.07778076553815232,0.008001505036541113,0.11391756073267832,0.0077355175926016465,True,True,False
CCDC134,-0.013738532422210261,-0.18322181415532288,-0.013099273044628924,0.007271774632015911,False,True,False
CCDC142,0.010683415179958506,-0.0037474721319701023,0.005707179734266699,0.007686147943284754,False,False,False
CCDC167,0.07004369435441035,0.03342302959122804,0.09970866753769372,0.007854363420640465,True,False,False
CCDC30,0.044558990646710504,0.008177490787666941,0.03822582026336009,0.007659582385061016,True,False,False
CCDC80,0.3024140942666595,0.23390567029293774,0.33867081219301687,0.007756329578004604,True,False,False
CCL19,0.11876808233471574,0.1430670805469874,0.18144039786330235,0.007701369865198416,True,False,False
CCL21,0.07509723071981636,0.01869950385845577,0.09581839360716767,0.007025516035659809,True,False,False
CCL4,0.09918505562958936,0.0914589361848022,0.09431353437084707,0.007876014268907428,True,False,False
CCNK,0.07397698164716238,-0.016411774528578324,0.09195117969886932,0.007908216946929236,True,True,False
CCZ1,0.08796741388458934,0.04218670262532538,0.08437829109626456,0.007943916677825421,True,False,False
CD19,0.035768288676708546,0.04295373227457673,0.052711384201312314,0.0077021303686571,True,False,False
CD248,0.15661304581208618,0.047220348746064185,0.1560266395001717,0.006983568304788534,True,False,False
CD2BP2,0.07690049472930106,0.045734193408174376,0.080210590361633,0.008106982558068264,True,False,False
CD40,0.09886017976656195,0.09966592665188932,0.10944511368022228,0.007826177108359257,True,False,False
CD44,0.10548964076352373,-0.09495751772449915,0.06376934685568628,0.008190443760713411,True,False,False
CD74,0.4627503571684242,0.4120002907779813,0.46826782566732966,0.0075816517475386066,True,False,False
CD80,0.042134896851742494,-0.007412321176170626,0.03865283301919881,0.007825964868289004,True,False,False
CDC123,0.11051980857691876,0.09666358397879582,0.12943134065771156,0.007969906113737844,True,True,False
CDC20,0.11360151101344648,0.1326653494725474,0.13642248997608178,0.008239804767558995,True,True,False
CDC34,0.0991665600891758,0.10538894416731966,0.1228288913312218,0.008129155527333095,True,False,False
CDCA2,0.031136819626205667,0.007752219211482829,0.051332271421692596,0.0075365463118404075,True,True,False
CDCA3,0.11331390637014542,0.12404948168792596,0.13060557895631678,0.007848388201644506,True,True,False
CDCA8,0.060428979238155704,0.08009917012293136,0.0813336822013552,0.008327566053278546,True,True,False
CDK1,0.14918740459322205,0.17183728009190435,0.18672984145229074,0.007622390862135938,True,True,False
CDK12,0.10934223028265469,0.01251092151669707,0.1632319806112087,0.007886321374253246,True,True,False
CDK3,0.022157619777795543,0.013388788733091534,0.03231527744870462,0.007714601152900072,True,False,False
CDK7,0.10303968684583584,0.09559112587146824,0.09929536421894407,0.007779689538668736,True,True,False
CELSR2,0.11375372898784161,0.12540659145436198,0.126834722915365,0.0082447578558467,True,True,False
CEP164,0.025554852653497735,-0.07491283763664364,0.028031766452762265,0.007771439386426448,True,False,False
CERS4,0.16755366220038348,0.0616972993317346,0.14124553096027492,0.0071894280935716325,True,False,False
CFAP54,0.012272994738851324,-0.08387585508737047,0.011456415055098066,0.00663904842650284,True,False,False
CFL1,0.12315134162300632,-0.004096236009941703,0.1268213423711673,0.00830725873307343,True,True,False
CHDH,0.1087024047486396,0.13877001173312678,0.1460977277337176,0.007703575506914164,True,False,False
CHEK1,0.09379455964324321,0.11518493766832914,0.11485773578057062,0.007829210256069958,True,True,False
CHFR,0.03332679214298045,-0.03159293536226117,0.03926662533752934,0.008586000432672259,True,False,False
CHIT1,0.03617101530493788,0.027401282702440438,0.0751410424595603,0.007357478354183057,True,False,False
CHMP1A,0.12241129402196421,0.09986173457273528,0.1265452249382278,0.008221609618939849,True,False,False
CHMP2B,0.05733418121330239,0.023864257575675157,0.08324501785887581,0.007615682961857487,True,False,False
CHMP6,0.05230597696716369,-0.0338916961391913,0.04592540958589618,0.0077668714135214825,True,False,False
CHPF,0.0037676071730070983,-0.004444027741066798,0.03512513189942706,0.008152865092674938,True,False,False
CKS1B,0.1957498214623857,0.20433455088567143,0.20897195770003962,0.00830281227331004,True,True,False
CLDN22,-0.002722869356340513,-0.06161174987678134,0.0062947566073344695,0.006123124951518032,True,False,False
CLEC2B,0.16459345386861296,0.10187386575104888,0.14338804561628282,0.007987678395307363,True,False,False
CLIC6,-0.034556908433667315,-0.2067769838819785,-0.020349248726935627,0.0060572139025514594,False,False,False
CLMP,0.11000963443499785,0.02406343122567543,0.10992986883404048,0.007250286184971938,True,False,False
CLPB,0.029049733902085633,-0.016421286263480103,0.02999584662266125,0.007856128280081854,True,True,False
CLU,-0.006274337350029817,-0.5571756476794454,-0.09397272772505189,0.00977209560501744,False,False,False
CNOT6,0.1444497128834806,0.11352218483356823,0.1744966749484079,0.007685232819194077,True,True,False
CNR2,0.02811486591102645,-0.019364702281866108,0.022702363769746145,0.006368312553700144,True,False,False
COG7,0.0936020876674394,0.03694554844780597,0.11376988498336274,0.007887925957355556,True,True,False
COL12A1,0.2822653503248286,0.29425713387526903,0.32811460657915453,0.00800072395955036,True,False,False
COL1A1,0.6009434846502218,0.4844768445371233,0.5833326344987344,0.007680054592522641,True,True,True
COL4A1,0.19819853386348657,0.16332969254870783,0.21568861745630405,0.008107705273873372,True,False,False
COL4A2,0.19557284092612748,0.14482165238030364,0.19861721222821005,0.0077068666603348724,True,False,False
COL5A2,0.4030766333804251,0.3179773107520243,0.3563037648108981,0.008447466013616437,True,False,False
COL6A3,0.40049388093820615,0.19265765230510565,0.3814806110965838,0.007996246913315777,True,False,False
COL8A2,0.12558361222898234,0.1539298781527649,0.16476025502704061,0.007271462825751284,True,False,False
COMP,0.2734438428571197,0.11496805147050017,0.22719671197280475,0.00783351739913503,True,False,False
COPZ1,0.16641396999095395,0.167183113905585,0.1805846355026389,0.007944641351345268,True,True,False
COX7A1,0.16705325048558858,0.13142234797013722,0.16625692327975874,0.008503602442219859,True,False,False
CPE,0.13280985201207274,-0.09808093240982382,0.11068432910484297,0.007995068172343906,True,False,False
CPNE3,0.16110525770574413,0.12031553242454819,0.17886309421213498,0.007969410958997912,True,False,False
CPNE5,0.03626790275838701,0.03819350396121211,0.05286681560623288,0.0075736463935557425,True,False,False
CPSF2,0.08241861879639609,0.027782537147925165,0.08592687870992494,0.008034864376826888,True,False,False
CR2,0.009443158465860337,0.024279522880086217,0.030454860991112567,0.007021379288081743,True,False,False
CREB1,0.046161059522918636,-0.14837280363321112,0.0402106824902764,0.00807268377492924,True,False,False
CSF1,0.05937121385132854,0.0552963418583488,0.11308748405662242,0.008147044190924916,True,False,False
CSMD1,0.005347395487966254,-0.06132690886735842,-0.0030104395347128783,0.008153543805765695,False,False,False
CSNK1D,0.07587632595847209,-0.03332523637912512,0.10614283868487634,0.00775169573709218,True,False,False
CTDSP1,0.023055379727861133,-0.23433976108577828,0.030698447578851824,0.007923856794211929,True,False,False
CTDSPL,0.061966381236205285,0.03557643019095143,0.05943553478217343,0.007828301284650042,True,False,False
CTSK,0.27167219713410434,0.22133021560611682,0.3148542063786183,0.0076245326652424365,True,False,False
CXCL10,0.11509307267808379,0.06443107143249163,0.11398772687180464,0.00813759611170524,True,False,False
CXCL14,0.14984965325777572,-0.007724356149468238,0.11448252888459486,0.007615875547261624,True,False,False
CXXC5,0.0420578821424973,-0.13615013903158663,0.05934546991806241,0.007187070688232141,True,True,False
CYFIP1,0.05254947067194529,0.011126858661271489,0.07434735444618687,0.007871744343957982,True,False,False
CYP26B1,0.05064916220819448,0.041033742628913024,0.05396688839687233,0.008132005011763647,True,False,False
CYREN,0.08815225711287387,0.05562221688702229,0.08374534793660192,0.008172917193267452,True,False,False
DAB2IP,0.046684404768102414,0.03025493684715813,0.05472988876314881,0.008177113372775614,True,False,False
DCBLD1,0.0257407308024452,-0.007613969580580379,0.019618684006273,0.007951981442650883,True,False,False
DCLK3,0.007038409670183009,-0.05961607369904076,0.007108585112490226,0.00766174586602591,False,False,False
DCN,0.4653771109436176,0.3870650754137905,0.4766300001532826,0.007894618642402082,True,False,True
DCTN6,0.10828660502316007,0.09164948707213276,0.11428406413224224,0.008156662945731419,True,False,False
DDT,0.2270515561158582,0.20518627830429054,0.22649958405980722,0.007879260784898446,True,False,False
DDX41,0.0779400257934581,0.06522478735574708,0.07744848476525869,0.00833095550464826,True,True,False
DDX55,0.06416175671676055,0.06293611484865963,0.08654280505570386,0.008449552002827218,True,False,False
DEPP1,0.1385513382868752,0.10131216711727474,0.1819692122923393,0.007613141946214075,True,False,False
DERL1,0.09812285329712199,-0.04530268707861376,0.09781567546290926,0.0072051611141409535,True,False,False
DERL2,0.03645277536950117,0.026552810266140214,0.04200162617064284,0.007569648846598727,True,False,False
DESI2,0.06053939361576625,-0.007351372955182012,0.06723698762927076,0.00853285269899621,True,False,False
DHX15,0.15844426263832267,0.13942082608567222,0.18844913228525617,0.008103725353032007,True,False,False
DHX34,0.07378730009323617,0.046036764264384036,0.06697627240465005,0.007847886474395842,True,False,False
DHX38,0.06451385777280914,0.03446458604651338,0.08138593056144712,0.008143723267878019,True,False,False
DKC1,0.11882577935874794,0.12189595243873177,0.1491355547654768,0.008192846199001362,True,True,False
DLG3,0.13826467885364227,0.15695322702136907,0.1835864182476353,0.008300790560843789,True,False,False
DLK1,0.00012819986020284945,-0.1806101217006736,-0.0008436803042354774,0.002092671349355165,False,False,False
DNAJC2,0.059729400891694144,0.04826382409257039,0.06429582115568475,0.0083061565186671,True,True,False
DNAJC27,0.02349114511027634,-0.06359433602433294,0.034811599104225474,0.007239357358727587,True,False,False
DNASE2B,0.010289001817395133,-0.0751055383704402,0.010573241038153373,0.005237020971077693,True,False,False
DPM3,0.13560008152150752,0.06367466474511886,0.15074970547544359,0.007921791126080683,True,False,False
DPP3,0.1400454981353106,0.1345562005994452,0.14105563090464923,0.00831664563785138,True,True,False
DPP4,0.041571708742702516,-0.019928232955504423,0.0514469019101651,0.007195474607940246,True,False,False
DPP9,0.02074751265615086,-0.03613233190298455,0.03895935627187008,0.007803663314917045,True,True,False
DSP,0.2783706563550584,0.30075241122541685,0.31591222288172177,0.008417057443470693,True,False,False
DUS1L,0.07922000017708038,0.06683764692714356,0.10376070009357583,0.007799029253675802,True,False,False
DUSP12,0.07885870226364096,0.057571401626208774,0.10198826564738651,0.007535694002817385,True,False,False
DUSP16,0.10805593903628098,0.06685564446951388,0.12694973029060652,0.007678963413242991,True,False,False
DUSP27,0.01493193860672407,-0.07019993684283675,0.004215299602085035,0.004914502065031961,False,False,False
E2F3,0.057441422064169516,0.029355353637002837,0.08098462432672394,0.00839681574879787,True,True,False
E2F4,0.054089901892776106,0.018495445887807552,0.09375156510418911,0.0073487604757210495,True,False,False
EARS2,0.07791897996131425,0.03650945112571831,0.08772773884902599,0.008221980568397642,True,True,False
ECHDC2,0.07459619018918708,-0.009260962852760901,0.08232575188193265,0.007586352650958376,True,False,False
EDAR,-0.0016052165761738727,-0.0896621641979744,-0.014362825633688358,0.007890488538522814,False,False,False
EFEMP1,0.13667753905512098,-0.09395768010162718,0.16074756592666428,0.0072283475638723746,True,False,False
EIF2S3,0.15087001530014332,0.03611050786040158,0.1457159882644985,0.007340356424530739,True,False,False
EIF3B,0.16831265272716128,0.16655257127521725,0.18142548194153002,0.008147516848646145,True,False,False
EIF3J,0.05995218836037853,0.05277370582740509,0.08132187938842209,0.00740625875943761,True,False,False
ELOA,0.07207242426808082,0.014783238267475934,0.09277771397175441,0.007500661421356325,True,False,False
EMG1,0.0654680678799214,0.046341751301110574,0.07740591880708012,0.008056534821151613,True,False,False
EPCAM,0.31541162075007967,0.3619180100633918,0.37682466054064645,0.008179822002485146,True,False,True
EPHB6,0.03393629453684188,-0.0009505928852495717,0.03356705687848478,0.007759496060265211,True,False,False
ERBB2,0.3012081074604696,-0.03196596147860005,0.3516905671569731,0.007607335054783047,True,True,False
ERBB3,0.4007656883355724,0.38604669761282295,0.4323154655357207,0.00796734680954234,True,True,False
ERGIC1,0.13131870034328447,0.06992545684321434,0.13247591750987586,0.008067220769281612,True,True,False
ESYT1,0.06191626596213516,-0.002129523501696644,0.07060135961011459,0.008218165857480322,True,False,False
EVI2A,0.13662792171559587,0.10299079383788419,0.12385101426098505,0.008796473876120016,True,False,False
EXOSC7,0.11010924331097399,0.11007388045313986,0.13042379974678964,0.007394381684520389,True,False,False
FAAH,0.09420029801522914,0.0461076515516677,0.12430325989534086,0.007817839506694194,True,True,False
FAAP20,0.0733392568902034,0.06496344593197782,0.07140985641003511,0.007888367168807442,True,False,False
FABP4,0.06496964034864056,-0.24340376747300546,0.048491926160224116,0.004058661861013242,True,False,False
FAF2,0.08834388388027255,0.07289462775926286,0.08967855955415496,0.007987123196300887,True,True,False
FAM110A,0.10922639733461759,0.05943152589841377,0.10959523397526033,0.007623754949608687,True,False,False
FAM151B,0.02306362978114828,-0.08805265881879967,0.027544002032585297,0.007211240614896779,True,True,False
FAM193B,0.069692620528761,-0.060454890219174856,0.0848925131803919,0.008381691632731985,True,False,False
FAM214B,0.029793729644658512,-0.015098186579864262,0.022563573095293825,0.007752904479680791,True,False,False
FAM228B,0.006988800049868774,-0.12378754548223715,0.0061253312169146385,0.008204387994757117,False,False,False
FAM49A,0.05599403969971289,-0.044960155611778164,0.0663020590137432,0.007208650893526462,True,False,False
FAM71A,0.011333030699714074,-0.08888553503197569,0.006252677746406853,0.004228102874794871,True,False,False
FBN1,0.31167101146589987,0.26192221620422385,0.31277086223406186,0.007792112998753528,True,False,False
FDCSP,0.03933419759054769,-0.000850799995744566,0.05134962682973695,0.007064579310690585,True,False,False
FHL5,0.016816274663373366,-0.15160761135848536,0.010648899447048242,0.002968654205877598,True,False,False
FLII,0.05122334508838956,-0.07930391615178538,0.06043000495273574,0.007409949571265264,True,False,False
FLT3,0.01977350618939848,-0.0969836202367781,0.026366522553201287,0.00760406801172763,True,False,False
FOS,0.24225337701688748,0.07073421642855315,0.22149584248968868,0.008046110025317504,True,False,False
FOSB,0.05545763561272212,-0.1331965050522367,0.05799110212302777,0.006340204247559849,True,False,False
FOXA1,0.22195297778951437,0.1216886253444249,0.2754255252435015,0.007839465615028608,True,True,False
FOXH1,0.034769614068391685,0.004982552277866726,0.024371496515414048,0.008429768473100188,True,False,False
FRA10AC1,0.010354284847133003,-0.2350665783018083,0.02924553352131507,0.007596399402755269,True,False,False
FYB1,0.2335992663539267,0.20272640048865054,0.2172162445938525,0.007452437965585221,True,False,False
G6PC3,0.048337300557510794,-0.022467618093353302,0.056687649150463926,0.007588203532210379,True,True,False
GABRA5,0.019600332616422342,-0.0012643548441732201,0.011748245806700402,0.007874244468723007,True,False,False
GALNT12,0.012283289985596666,-0.22180435001978765,-0.0015738417098116325,0.008622373686931103,False,False,False
GALNT6,0.1389274248138024,0.0002802422129837348,0.14051325136775733,0.007477585596110906,True,True,False
GATA3,0.24900144926424128,0.04425003990945201,0.24082291042429027,0.00726286712995629,True,True,False
GFM1,0.09101129636283324,0.06671446556491512,0.11681110621037785,0.007651196693123211,True,False,False
GJA1,0.16571323980311348,0.15918811486018358,0.18596248071890564,0.007628370903791861,True,False,False
GLRX5,0.12375269575221041,0.09929415029602379,0.11970459341480005,0.008234543206580503,True,True,False
GLT8D1,0.020128661095699923,-0.15797289309066564,0.023063675732612726,0.008252957624571977,True,False,False
GMCL1,0.09462057847725867,0.09988684758923091,0.10427267796956272,0.007842765222075984,True,False,False
GMFG,0.21444364770189664,0.17714278954957569,0.17653232013406767,0.007696222444449882,True,False,False
GMPS,0.13061626423382838,0.11339332469208067,0.1564713551750394,0.008219191343141316,True,True,False
GNG2,0.08834309019232045,0.015825470091558533,0.09956238767064951,0.007470021500067605,True,False,False
GNPDA1,0.02729048746554806,-0.03129069919095035,0.022063021312463408,0.007807944133272651,True,True,False
GOLGA5,0.06798624982148117,-0.025689745574096458,0.07316690101911799,0.00811463217792328,True,True,False
GOLGA8B,0.05393071316333252,-0.010042829426496482,0.06292407173176415,0.007529138456188978,True,False,False
GOLT1B,0.04316420802526073,-0.02931600733053828,0.04732230307238504,0.00779086897278555,True,False,False
GPN1,0.0646597517292658,0.06333977461794439,0.09242991894381991,0.008001066445282012,True,True,False
GPR137,0.0515110466664455,0.026954868195625988,0.054358477843980416,0.008377676225849241,True,False,False
GPR150,0.004130740170302142,-0.049096850359677875,0.008797058571295785,0.006884049870278751,True,False,False
GPR39,0.04611103986886693,0.037446309312114893,0.06210479852827996,0.008142222791127331,True,False,False
GPX3,0.13653751651589385,0.07493869607471369,0.15887502563298198,0.006788248001557241,True,False,False
GRB7,0.22046716193768776,0.07210884906631207,0.2821537565398735,0.007530139247343326,True,True,False
GREB1,0.04487616669317826,-0.06522418520789053,0.08907157399730302,0.0075748481908825705,True,False,False
GRHL2,0.18024091901523584,0.17238641242981897,0.2127995979285712,0.008212349178914577,True,False,False
GRM8,0.02312949035345341,-0.0020496392765778186,0.015418839718697688,0.008115489867486884,True,False,False
GSKIP,0.0512080292288426,0.04176655889014454,0.06600477604980583,0.008454069748437862,True,False,False
GTF2H4,0.011040531619418181,-0.3813065407078035,0.015389453996889757,0.004342850457638319,True,False,False
GTPBP4,0.08652598900282109,0.1032288918937753,0.11638158560448683,0.007553440268766801,True,True,False
GTSE1,0.04631936146274611,0.05402800458598882,0.06584036794900269,0.0072657902165119016,True,False,False
GZMK,0.11488602561006754,0.12287208419109713,0.13170186155431063,0.00798870279801091,True,False,False
HARS2,0.08203430629235907,0.05358510582078873,0.09265570919922894,0.008314941947584784,True,True,False
HBB,0.018996099304965198,0.010837468804059731,0.02063890004532319,0.007163833948081198,True,False,False
HDAC1,0.11084749456395158,0.09130283633179581,0.10889063373963814,0.008436409506842582,True,False,False
HDGF,0.1511118745509331,0.15700088925669156,0.1640762814569688,0.008183466868733776,True,True,False
HECTD3,0.024673706403683045,-0.05838379845050364,0.020787609424869055,0.008294255822673652,True,False,False
HEXIM2,0.008257172701687361,-0.01074295239770011,0.02255739561594859,0.0077343429708535485,True,True,False
HID1,0.11332751489412221,0.08519066072333237,0.16469813453558751,0.008007130051827903,True,False,False
HIF1A,0.025957079674215514,-0.045560313798798886,0.02361924534540647,0.007810650078164122,True,False,False
HM13,0.09816389507043151,0.06693300589511815,0.09043475780658727,0.00787179137084887,True,True,False
HMGA1,0.13924951541636135,0.0665146049795183,0.1418469013184529,0.008025303082010458,True,True,False
HMGCR,0.15586252202192669,0.14888969370000374,0.16915435105114768,0.008702192997301725,True,False,False
HMOX1,0.13457898425015224,0.0888474628008002,0.12705806622999138,0.007949892336552983,True,False,False
HMX3,0.012623619388155526,-0.13919107840334602,0.0002843360889342735,0.00043641312908500313,False,False,False
HPCAL1,-0.0017402776501054126,-0.09541084689293354,-0.012098652352506806,0.008214036092227739,False,False,False
HPDL,0.024356994836195862,0.0003928114638034764,0.028416566543211584,0.0071677889654638595,True,False,False
HPS1,0.016215170144472626,-0.06206215615601861,0.022035107146316027,0.007435271485567795,True,False,False
HSP90AA1,0.1681497888119976,0.16432515160950348,0.1839810855757043,0.007375807867125558,True,True,False
HSPA12B,0.05288879280406196,-0.05964984659139172,0.06266799465148802,0.006379608353648707,True,False,False
HSPA14,0.053332528981297915,0.020794224670403278,0.058294054637264475,0.008045960584326809,True,True,False
HSPA1A,0.19928712682170585,0.1338368095752095,0.209316744382891,0.008006460748197585,True,False,False
HSPA4,0.10859025895629637,0.10672409388526038,0.12662396654594013,0.007922173387780429,True,True,False
HSPA9,0.21678497052797777,0.2256102718826966,0.23306138208866234,0.00830128931654181,True,True,False
HTT,0.06715783840510509,0.042807446863634094,0.10476671935468461,0.007644950694501492,True,False,False
ICAM2,0.13110245698345452,0.11134260994041897,0.12102829535889861,0.008331152871540683,True,False,False
ID1,0.08972182707829399,0.04145309141519197,0.07400053663539263,0.008322831783713324,True,False,False
IFI44L,0.04947524899235235,0.040534798079850734,0.08376278976523437,0.007960352092679025,True,False,False
IFIT5,-0.023961404838072072,-0.15643514072606707,-0.030772867715970195,0.00820347642031287,False,False,False
IFT140,0.12018691258569682,0.09758079470415416,0.11482970139608378,0.007720179749135424,True,True,False
IGFBP3,0.1741749968095526,0.13269589740114443,0.19307894336815046,0.007962599563188897,True,False,False
IGFBP4,0.31919906646971613,0.31329023558358865,0.4090603135742403,0.008243452504348063,True,False,False
IGFBP5,0.11809092009823433,-0.18275694164310893,-0.008665365286906777,0.008175045677859798,False,False,False
IGHA1,0.35283934038248554,0.21462410457767894,0.35128658712107086,0.007841382048216203,True,False,False
IGHD,0.0413641070508856,-0.03104015701716921,0.043355835846201216,0.0068134736393090315,True,False,False
IGHG1,0.32145326401057667,0.26585455626118865,0.35614713261873693,0.008111701211919547,True,False,False
IGHG3,0.276110474235582,0.20615221708364068,0.28750797731440003,0.007513925400044027,True,False,False
IGHM,0.2846914857226079,0.17433928918027528,0.29696743958810257,0.0074694568570658785,True,False,False
IGKC,0.43185231116998546,0.32113515606665066,0.43386885109850765,0.007532852394095321,True,False,False
IGLC7,0.06713635409855985,0.01398642993814814,0.05752586050566597,0.00722538188578474,True,False,False
IGSF1,-0.004510136044275097,-0.07682566555390394,0.0033228240278989195,0.00464751123668239,False,False,False
IGSF3,0.15504597379487645,0.15352482393853153,0.16411609136687733,0.007695242371261297,True,True,False
IKZF1,0.0866554209728791,0.04349411559088462,0.13870583776387563,0.008055512211738646,True,False,False
IL15RA,0.09363555406861242,0.09674564531207971,0.10537528511506544,0.007600967417289562,True,False,False
IL2RG,0.14668064706558862,0.16497020150218542,0.17728766435725823,0.008100657641965667,True,False,False
ILF2,0.21962341108756767,0.22132928493112372,0.23213190300176717,0.007855477000396575,True,True,False
INF2,0.08904767293768985,-0.07772807537693643,0.06942524638598152,0.007862805269618096,True,False,False
INHBA,0.22788273018292535,0.20968102984086698,0.236219651918693,0.008267116604416319,True,False,False
INPPL1,0.11332296719329596,0.09061109499186923,0.1264277083302735,0.007662145341378653,True,True,False
INTS3,0.08662294176735855,0.02286321085500654,0.08990729143372204,0.007856784276858339,True,False,False
IPO4,0.11973678506633023,0.09996884742925968,0.11145199389215912,0.00785679260825923,True,True,False
IPO9,0.15681729391205815,0.1310527019444125,0.16132287973490078,0.007879402548476912,True,False,False
IPPK,0.07711947687294743,0.07315300199482982,0.089794069853134,0.007313141121664887,True,False,False
IQGAP2,0.016804461724980624,-0.11860581931798658,0.009874793096872496,0.008004308953532973,True,False,False
IRAK1,0.06924573587859126,0.05641213110751825,0.0645515834362779,0.007554881501382704,True,True,False
ISG20L2,0.06900901460418497,0.06926455738788495,0.09632010786315112,0.007853728533766697,True,False,False
ITFG2,0.03864798240952982,-0.009392299114286393,0.035480374735127565,0.0072962235573989275,True,False,False
ITGA1,0.13363845715980874,0.06869174862111746,0.1419846527745302,0.007721741290450061,True,False,False
ITPR2,0.028452312402469867,-0.1596798389033416,0.04306266815145176,0.007822617853263377,True,False,False
JAK3,0.13484560482066058,0.14797570283853234,0.15421552086599208,0.008207582561958544,True,False,False
JCHAIN,0.27581184386636526,0.20996954964603234,0.27690359641015916,0.0077502229841064415,True,False,False
JMJD4,0.11010073345557328,0.0426742823071789,0.09021030007224506,0.007946798652558871,True,False,False
KCNJ14,0.013987235846282222,-0.029880735503559713,0.011252520873438105,0.00841179548996527,True,False,False
KCNJ6,0.025678242404633716,0.019193121127276166,0.0299533961123564,0.007922428152612546,True,False,False
KCNK6,0.03780725431147192,-0.06333114799694402,0.012097835204537017,0.007703235304442498,True,False,False
KCTD6,0.033362366730448456,0.01833058085012073,0.06447608146016116,0.007582690471291074,True,True,False
KIAA0586,0.03513194340370166,-0.07399603736148869,0.04383978632439218,0.008027090358216107,True,False,False
KIAA0825,0.014897105345191638,-0.30442964340364526,0.00935634115002211,0.005579207760334042,True,False,False
KIAA1143,0.07128667153012744,0.06486944751458433,0.0926856628010458,0.008054970520572137,True,False,False
KIAA1191,0.06279052872456753,0.04699803888086826,0.0798479972885601,0.007638015602917436,True,False,False
KIAA1217,0.024792098728769207,-0.15308151391629485,0.023978857914581132,0.008097865497806996,True,False,False
KLHL10,-0.0047146152659647235,-0.05072138486139813,0.0014073731177307502,0.004509984182412291,False,False,False
KLHL21,0.012955960113790388,-0.12155855565392208,0.018687922087585553,0.009289224824083819,True,False,False
KPNA5,-0.00452642322283377,-0.1373537422491934,-0.01728361763278966,0.00791401771980942,False,False,False
KRIT1,0.04643096933713767,-0.12937865789435476,0.054503062659940045,0.007770647865276028,True,False,False
KRT17,0.027079567156878658,-0.2536091607272754,0.10420236679567005,0.007162041599915711,True,False,False
KRT8,0.3338938114169857,0.3465979814152684,0.3895183081908484,0.007749250279541632,True,False,True
L3MBTL3,-0.010038972502501638,-0.21358803586287028,-0.050705295192793216,0.008272220031435129,False,False,False
LARP1,0.11349423239265807,0.07357680412921341,0.10892500248480065,0.007878090101036236,True,True,False
LDLRAD1,0.041152244860693195,-0.04302447680002154,0.0201814771181465,0.006999575069124917,True,False,False
LEP,0.009046495458754278,-0.1148903656783613,0.0022324834125893515,0.0025645615726114183,False,False,False
LIMS2,0.12674274684161363,0.11529647316514725,0.1266188255116791,0.0073464283250005875,True,False,False
LRRC46,0.028535705887018023,-0.006298201326755185,0.027098524266010848,0.0074109161525850835,True,False,False
LRRC8A,0.07769175130517324,0.04652846447924855,0.08957506441533479,0.008211874174681744,True,False,False
LRTOMT,0.07164653016281297,0.04045716014911805,0.09424826597382713,0.007359973024936417,True,False,False
LSM2,0.1605125363870386,0.14622737668073849,0.15857479054075466,0.007458472362519552,True,True,False
LTF,0.10169244399968577,-0.1799741388341397,0.10460756138684636,0.007615493573983227,True,False,False
LTN1,0.059466028601743104,0.02597695224002548,0.06688970213218617,0.007653541747174079,True,False,False
LYPD8,0.015389029567000853,-0.029892082685975943,0.00578171391931419,0.007704727298233995,False,False,False
LYZ,0.275254029760979,0.2415513259137616,0.2982033042229408,0.007291959317258855,True,False,False
MAGEL2,0.021395760211835937,-0.04331588467381666,0.019801621635207715,0.006422447326079723,True,False,False
MAP10,0.007939479313510982,-0.1440665723437825,0.007879014856572261,0.00700273476564401,True,False,False
MAP1B,0.05196124073644887,-0.0523012114189445,0.058499515261253354,0.008520615026763661,True,False,False
MAP3K7,0.06874456206799638,0.017479227331732943,0.08315137856544437,0.00809842540090834,True,False,False
MAP7D1,0.03631876184967486,-0.021553478119335306,0.02695470985589072,0.008126880022771505,True,False,False
MAPK11,0.020687175923223042,-0.06953571338373825,0.027005913604595595,0.007394540889859186,True,False,False
MAPK6,0.07963201825321209,0.040882846401554346,0.10787082547962314,0.00822711881161665,True,False,False
MAPK9,0.07883921506378615,0.025649638338764942,0.11418202068737605,0.007438085697519822,True,True,False
MARVELD2,0.11143245373004002,0.14039914203755033,0.15550169425197172,0.007923409346481449,True,True,False
MBD1,0.03109700102102995,0.004029120145615833,0.06929476944159237,0.007061339935935332,True,False,False
MCCC2,0.15482038695833528,0.14367791788847253,0.20821659534625947,0.0075724199360115195,True,True,False
MCM7,0.17130110203517054,0.19094272815642016,0.2194997787577994,0.007406224714919991,True,True,False
MCOLN1,0.030505610849165324,0.00807645890271643,0.025371789248510072,0.007881082856965448,True,False,False
ME3,0.014772637538575667,-0.18240687845900572,-0.0029563905271459377,0.008486082293486397,False,False,False
MEAF6,0.1232004278310362,0.11999369204481136,0.13947293835058125,0.008143834617241748,True,False,False
MEN1,0.08386469646739997,0.052309524775544555,0.06732533482799546,0.00715963947594739,True,False,False
MGA,0.053646936449277115,-0.10932319572959784,0.03977987619225976,0.008126060136321226,True,False,False
MIB2,0.007780748617541807,-0.14705503012511395,-0.005173275231040656,0.008011508814511445,False,False,False
MICAL3,0.08899822590447361,0.08814918342113329,0.09830390309372049,0.008090068071341772,True,False,False
MIER1,0.0004915752829367536,-0.34764741695088996,0.008511577315154985,0.007626391588419784,True,False,False
MMP1,0.04534090029408131,-0.024766170857902767,0.1292924434652712,0.007052548221061211,True,False,False
MMP10,-0.0023070839586012805,-0.04085307167901095,0.004510393665820369,0.007292218995727933,False,False,False
MMP12,0.023552942468502303,-0.050745364823027675,0.01373969225170047,0.007842391636386755,True,False,False
MMP13,0.08966235841676247,0.04274571353354063,0.07158353175343524,0.007911199499204854,True,False,False
MMP28,0.0106431180519036,-0.0856896029471816,0.0012438523908811314,0.008012861545009861,False,False,False
MMP7,-0.01132209596569524,-0.23257603644768912,0.08079915944385324,0.007193351523943634,True,False,False
MMP9,0.13475555803617684,0.12160097124648622,0.1495272131328167,0.007595961111953217,True,False,False
MPPE1,0.05332068363252193,0.013766370112301772,0.06335373436159186,0.0074828453614754955,True,False,False
MROH1,0.060906308280912314,-0.0068486273518978055,0.08393352126628745,0.008252217353085343,True,False,False
MSH2,0.12651965579018595,0.09536513582243154,0.14610984591166915,0.007675805495583555,True,True,False
MT-ATP6,0.12102153556281345,-0.5192977673923775,-0.024763521809422942,0.008062765897715292,False,False,False
MTFR1,0.10412301936527545,0.08616349044075118,0.13334868336344674,0.007875730355543712,True,True,False
MUC15,0.008660868915097531,-0.034893098320819875,0.01304585044335305,0.006536697122710733,True,False,False
MVB12A,0.05434938413209603,0.015990644308604703,0.051354411903367106,0.00785253921828434,True,False,False
MX2,0.1166912717402383,0.07810620491173703,0.10389418149477825,0.007516507099174375,True,False,False
MYLK,0.1157382893077267,0.09253799255597418,0.1440821477582475,0.008196508784868233,True,False,False
MYO18B,-0.0008907138999504684,-0.04373051017818948,-0.006403411752031493,0.008130889183092052,False,False,False
MZT1,0.10425618286979511,0.11993605330425611,0.11934642283357069,0.007877600165769461,True,False,False
NAT14,0.08661635317486194,0.08135314590905436,0.0983600545027656,0.00835504841883213,True,False,False
NCAPD2,0.09996937133836652,0.10494900790134093,0.13055859579976556,0.007928951303450517,True,True,False
NCAPD3,0.09364341416649936,0.06781296433571307,0.09224370158822509,0.007637199442780516,True,False,False
NCOR1,0.03862627933017927,-0.2039068809946053,-0.013811401300801128,0.007628625799131446,False,False,False
NDC80,0.06251301844264237,0.06251155775239174,0.08708791610349802,0.007668832313687766,True,True,False
NDN,0.09031277318507028,0.07894578861693402,0.10559583095462645,0.007704530663893647,True,False,False
NDUFA2,0.16253711539079047,0.16087040681125936,0.19334452316052086,0.00801241854275784,True,True,False
NDUFC2,0.17547584487106285,0.16842794155236804,0.1854747157999392,0.00806141780673055,True,False,False
NDUFV3,0.14644214870991246,0.07970605324944693,0.13355462583261668,0.00818519114365036,True,False,False
NECTIN2,0.11869971857356276,0.08930055928703995,0.1149686646405012,0.007703990962340491,True,False,False
NELFE,0.05398562092043324,0.003118138202066089,0.06046460986105576,0.008710383254118981,True,False,False
NKAIN4,0.013412545262981397,-0.0798327204405744,0.0022579909550782947,0.005340371341054955,False,False,False
NME8,0.01690933113901343,-0.00680629609998832,0.02502234759896932,0.007758739491730518,True,False,False
NOP2,0.08921165538515155,0.07300036747407436,0.10982398698948351,0.007739629736888523,True,True,False
NPY,0.005943018752720663,-0.05369864063610339,0.003486221480907153,0.006614341939923373,False,False,False
NR1H3,0.08495437204297288,0.07736578775783627,0.0956534033903636,0.008060210458585506,True,False,False
NR2C2,0.04111525105526664,-0.1327091653357075,0.05249391986966114,0.007751670956683877,True,False,False
NRP1,0.10564273400094341,-0.023676136355084296,0.1214732101761092,0.007581527769078134,True,False,False
NRP2,0.14675153711663974,0.12984295242015123,0.14189232300065066,0.007843934246449143,True,False,False
NSDHL,0.07530058859754951,0.07477265376834802,0.08997992867817173,0.007793764090684408,True,False,False
NSMAF,0.015423438554819266,-0.1550425768296363,0.01199526206642492,0.007579214736304173,True,False,False
NSMCE1,0.10792001143001234,0.11251940200361539,0.13298083944179842,0.008286712472553026,True,False,False
NSUN4,0.05676149627655653,0.0323959821623792,0.05314185803738753,0.008454545921354301,True,False,False
NSUN6,0.04778830444530235,-0.1272687474419924,0.0472664911956167,0.007200735025595303,True,False,False
NT5C,0.05328714638459338,0.030119935191926576,0.06100249499854176,0.009013930885370287,True,False,False
NTM,0.09152488564933506,0.08347954116133663,0.09058729235206826,0.007779085171964651,True,False,False
NUDT5,0.11683579369799725,0.10579975980221756,0.1250634321627399,0.007855148575048876,True,True,False
NUP93,0.0833153136025312,0.08718593497283404,0.10261458385919339,0.007793106679022721,True,True,False
OBSL1,0.10780381924730284,0.07440975087418386,0.11411432417297195,0.008004702139137062,True,False,False
ODF2,0.15092200423149701,0.14282761895414034,0.16264542804155002,0.00755081052150339,True,True,False
ODF2L,0.016395471224948478,-0.13326353259148413,0.01011800635160689,0.007974848660480757,True,False,False
OLFML2B,0.16341595236691447,0.15845805319116746,0.17854701353884372,0.007728136559437968,True,False,False
OR1L8,-0.017093836988939716,-0.08884374328695563,-0.005351147974298225,0.005689729350663069,False,False,False
OR7D4,-0.005366099182813469,-0.052359785839758685,-0.0006620231389560124,0.005843408563654216,False,False,False
OSM,0.03800941749479272,0.00046420291309470015,0.052500923400489494,0.007351786644049708,True,False,False
OSR1,0.0035219145168236842,-0.22772788437795113,-0.049400626834490785,0.00992040711208684,False,False,False
OTOF,0.018248338689195082,0.005475239547212671,0.012821442471890099,0.008240293967869903,True,False,False
OTUB1,0.12960010980105688,0.12514875548535737,0.13875366589268182,0.008547455823030441,True,True,False
OTUB2,0.02231379460639464,0.016723395274012696,0.033953066105664675,0.007287201514439996,True,True,False
PALMD,0.01752893295661037,-0.19083982215820725,-0.011710602026710775,0.007200531279342266,False,False,False
PANK3,0.10459173543443845,0.09865995339078194,0.12686987403306788,0.008030263033400643,True,True,False
PAPOLA,0.11974217922306453,0.12179700146381815,0.12995735327246094,0.007563849658695149,True,True,False
PARD3,0.07495498461867414,-0.000651926542871599,0.10263698188207046,0.007549430154675673,True,False,False
PARD6B,0.10867411527767408,0.10196025829528561,0.10188841517876754,0.008444246122781798,True,False,False
PARM1,0.01358547045264068,-0.33724042209866134,-0.008079739931396468,0.007463244882673302,False,False,False
PAXBP1,0.08532991256673804,0.06256352311495704,0.1086692960563034,0.008011895857158618,True,False,False
PBX4,0.016099566860199834,0.0018132415850366634,0.030232509819361514,0.008190887402939539,True,False,False
PCM1,0.0655373698549011,-0.05440309869291548,0.06089580113579114,0.007882057571350538,True,False,False
PCYOX1L,0.017801044822997894,-0.06930354030600669,0.021488830413475934,0.007022524720664129,True,True,False
PDCD1LG2,0.0692057421284274,0.06042339447870848,0.06753572696670261,0.007647243940193446,True,False,False
PDCD5,0.1917194399072264,0.16634477690940602,0.17782240456306694,0.007603832864392946,True,True,False
PDIA6,0.08295351032568125,0.0983150855184161,0.10548616538303113,0.008174435771561779,True,True,False
PDLIM1,0.0948112502584465,0.07556271649684804,0.10543546009516537,0.008248366545453759,True,False,False
PECR,0.020400138229961555,-0.13499047473428777,0.01736202783000732,0.008212926852538499,True,False,False
PEF1,0.07387289726252318,0.0740190753276831,0.08978197162670278,0.008870801251685162,True,False,False
PENK,0.009705490045189287,-0.14820258237679249,0.003262142264243698,0.00163113739970983,True,False,False
PEX2,0.0764939467420888,-0.024170583940350585,0.1070523713695799,0.007901218466708848,True,False,False
PGAM2,0.0042458600926007315,-0.03455452788962133,0.001214802581944072,0.007313932904194881,False,False,False
PGM3,0.1020866097074046,0.05018113778770303,0.11256526449903917,0.007994674499127611,True,True,False
PHGDH,0.17442643376426165,0.16701982139157984,0.21922431308610285,0.007624190684360228,True,False,False
PI16,0.026814141480814457,-0.20889859202109368,0.02221301480723879,0.0039148126482372436,True,False,False
PIDD1,0.06942349614208564,0.037843432127251705,0.06408990698614137,0.008149461978138397,True,False,False
PIGN,0.09498988105266572,0.04528293228492834,0.10948929484020989,0.007821552483183981,True,False,False
PKD1,0.06877259060267293,0.03575284288361106,0.058424168422632455,0.007294581484552109,True,False,False
PKP3,0.2037410574662653,0.1751596241848435,0.20042456973176714,0.007346416806162061,True,False,False
PLCB3,0.07148050780034387,0.027615408708033105,0.07212734335208693,0.007866073122161386,True,True,False
PLEKHM1,-0.0024911108428594085,-0.024881276593455133,-0.00784957207863593,0.008656326427824405,False,False,False
PLOD3,0.015242131431536384,-0.12931226087021422,0.015050436203614811,0.008669771574903274,True,True,False
PLVAP,0.15304764267825688,0.09764994160852042,0.12707905185902926,0.00797689010374285,True,False,False
PNMA6E,-0.012716289788812113,-0.08023713964167122,-0.0018640096316075872,0.003396884262650454,False,False,False
POLQ,0.05127080672583921,0.05796653410949232,0.06836587139403091,0.00803906381908902,True,False,False
POLR3K,0.13146363863993643,0.15525481372533528,0.16309668157262613,0.008336833372996968,True,True,False
POP4,0.08046203539064839,0.06133320229216446,0.07604317648015996,0.008101709255085165,True,False,False
POP5,0.12324883142334321,0.11608620657171143,0.1245020959135753,0.007589940515206336,True,False,False
PPFIBP1,0.006684523278010085,-0.2209138925578493,0.012714945784696823,0.008633323895909397,True,False,False
PPM1E,0.017065218764485045,-0.1248609456507259,0.01010463894937938,0.005465652459592535,True,False,False
PPP1R12A,0.02157781921582377,-0.1705243270700702,-0.0010912133996054795,0.007912403323366938,False,False,False
PPP1R14B,0.16833685928333247,0.1726938429755265,0.1956884514920521,0.008187590940508456,True,True,False
PPP1R32,0.03200733559630994,-0.0018348131278987864,0.019450559735202086,0.00799129382623479,True,False,False
PPP1R9B,-0.00992999591719066,-0.28470332236278306,0.015091703247526346,0.00754918152511001,True,False,False
PPP2CA,0.13135005359163957,0.11451343018375826,0.14405007252582436,0.007940863880050388,True,True,False
PPP2R3C,0.004718567272506423,-0.12318436494721238,-0.003133436971234699,0.007963754040035641,False,False,False
PPP6R1,0.02834874699104626,-0.023145966282763414,0.040481647579595006,0.00855284788647569,True,False,False
PRAMEF8,-0.0013557229513704717,-0.06613803654294016,0.0006260210048111152,0.002228909282538944,False,False,False
PRELP,0.11545127272899541,0.017950307046848798,0.08602091745350869,0.008089387469545104,True,False,False
PRKAR1A,0.07510674845402109,-0.04672958026049576,0.11791426430408439,0.007387325138611752,True,False,False
PRND,0.03037129307290947,-0.0071059496440928245,0.02590903241272369,0.0077577445231637385,True,False,False
PRPF19,0.1439518346561862,0.10113156529849146,0.13528866722184157,0.008768265338834296,True,False,False
PRR15L,0.11625335164654506,0.13525061374496178,0.1533876897526227,0.008352378336850581,True,True,False
PRUNE2,0.03412668142911714,-0.06625029674204184,0.034139109224833736,0.005961473375840531,True,False,False
PSMA3,0.1067776439844458,0.11554582369445779,0.12826150021146082,0.008007415906821178,True,True,False
PSMA7,0.16134833117448918,0.11807279017009983,0.1640447551214486,0.008238603839515694,True,True,False
PSMB2,0.1153436407356106,0.13430559190279823,0.1439490626241599,0.0077388677512889486,True,True,False
PSMB5,0.1757171717752538,0.19812784002346656,0.2023196269525476,0.00817050450253973,True,True,False
PSMB9,0.10459023489624067,0.03440665766421,0.09864740723478138,0.007903565214962313,True,False,False
PSMD1,0.10136320814612315,0.08438010324020379,0.0914100264970173,0.007470489783514002,True,False,False
PSMD3,0.27802985739659075,0.02222880320173439,0.2657601057673249,0.007228904818399667,True,True,False
PSME2,0.10367211899165349,0.03487963142411557,0.11887285161332703,0.008598721899766031,True,False,False
PSME4,0.11593782215052512,0.11124527684995396,0.15097001492783083,0.008230591764783026,True,True,False
PSPC1,0.14341210357056722,0.07094542071871772,0.1271555674690645,0.008116273106838198,True,False,False
PTCH1,0.01394558211502766,0.019911538517946914,0.03619457178502774,0.008004721616389994,True,False,False
PTCRA,0.019949948478769883,-0.03297810649298947,0.018065152434731446,0.006874714755455412,True,False,False
PTGDS,0.11767942177472704,0.07394317067248611,0.19033646687659253,0.007742247254828069,True,False,False
PTPRC,0.2222254668207495,0.1902940780716233,0.1979549675438256,0.0084850736891062,True,False,True
PTX4,0.00437058706466068,-0.07978351842175906,0.00540228422641523,0.005277602540603269,True,False,False
PUS7,0.08652068641947139,0.09260494514561556,0.10391522656676361,0.008243572505283531,True,True,False
PYCARD,0.10083770143525243,0.0018446804169533065,0.08649335294633974,0.007875668394297743,True,False,False
RAB11FIP3,0.10772596066285386,0.10613528727360422,0.11725859662464588,0.008100363650572777,True,True,False
RAB1B,0.1358433577747625,0.07905922426865872,0.1485732345093626,0.007691486321657141,True,True,False
RAD21,0.25336069762154545,0.20581096683326056,0.2514621664563932,0.007999710744926107,True,False,False
RAE1,0.1390438299656974,0.13336894555599432,0.17814180381171665,0.0077170396582625774,True,False,False
RASAL2,0.013816227244910897,-0.07088423748610964,0.025987568632340047,0.007689704878225177,True,False,False
RBM28,0.07486648588957846,0.06786404588783289,0.07584132789637166,0.008280446490595993,True,True,False
RCOR2,0.0488558474522047,0.0351084170051096,0.049898580727899766,0.00822780433401371,True,True,False
RDH11,0.05062649176132123,0.04099741676288338,0.06268181509710632,0.008391695780852106,True,True,False
REXO4,0.07981596495731604,0.09059453413005494,0.09496600887422105,0.008688074728374193,True,False,False
RGS2,0.1355739894846035,0.10660488318250316,0.14351629134332763,0.007968616332134203,True,False,False
RGS5,0.16546064197268862,0.0683336521171101,0.1108347688014686,0.008317707892588065,True,False,False
RHOH,0.05384529223131786,-0.01640556327900189,0.07493967698237113,0.006933240807429493,True,False,False
RIPK2,0.037963558199932884,0.0028534645775956,0.0601430550983526,0.007786687568007352,True,True,False
RLN1,-0.003003160876837707,-0.07615834068446176,0.005084136694926981,0.006597449625898856,False,False,False
RMDN2,0.00804278864576497,-0.2362604209244676,0.006492812285617069,0.007479631025875995,False,False,False
RNASEH2C,0.049669179569210346,-0.002986709776826766,0.03918372513652313,0.007018685021422254,True,False,False
RNF4,0.07732645863187529,0.053547973675539436,0.09696891477430784,0.007988450062208479,True,False,False
ROBO3,0.015032532565748548,0.02060298648663329,0.04240178273912176,0.007302940737801037,True,False,False
ROCK1,-0.019758253736676567,-0.312826118953803,-0.026499636578153282,0.007606793861615931,False,False,False
RPA3,0.1464962507046122,0.12883400499907907,0.15413990659068005,0.0073503589692839825,True,False,False
RPE,0.075424159265668,0.07715517119956708,0.07999026065275244,0.008260735222011019,True,False,False
RRP1B,0.08519522045305676,0.0727153147478127,0.09352675669997522,0.008559104858572593,True,True,False
RSPO4,-0.002182006416706435,-0.08924322703092513,-0.002436131243589477,0.008055342516820984,False,False,False
RUNDC3B,0.0009807108691852703,-0.16288456458679818,-0.015716750182854105,0.005924462389258428,False,False,False
S100A8,0.06725904411363587,-0.30156807057484475,0.14706064917089565,0.007345145279695542,True,False,False
S1PR2,0.02259675488797376,-0.013560311572263832,0.01921519134401023,0.007983947737487758,True,False,False
SAFB2,0.08683998930083503,0.029295884465167343,0.08704032374674717,0.008024488357951522,True,False,False
SAMHD1,0.18169451767469819,0.12195449417212366,0.19530332303044023,0.008187020226022143,True,False,False
SAR1B,0.09241222811536706,0.0013583169831465694,0.09855547033228727,0.00770572833765295,True,True,False
SCGB1D2,0.04656384377418707,-0.2635290309360677,0.09775687857106069,0.006409428315406907,True,False,False
SCGB3A2,0.008118246460082166,-0.0705174682565855,-0.014800296273685723,0.012156525920245359,False,False,False
SDC3,0.0865309852778743,-0.027468682799017284,0.09094972884114837,0.008035726934957573,True,False,False
SDF2,0.11185294776999627,0.0900338567333433,0.12430856223914784,0.007702253670536083,True,True,False
SEMA4C,0.12200503192168236,0.05897228760390626,0.1501575163034879,0.007905089924528652,True,False,False
SERPINB5,-0.0029613894469431045,-0.00894789215258681,0.13706479595526422,0.006431751379988114,True,False,False
SERPINE1,0.13533278088171963,0.12016162918741383,0.17266515569880078,0.0076937232092522045,True,False,False
SFRP2,0.30809012320593726,0.3046084096833568,0.40022686437958976,0.007724789269985453,True,False,False
SFRP4,0.2513226866636931,0.24675144731683055,0.271708542893495,0.008280074689076296,True,False,False
SH2B3,0.12839385150954571,0.09016521997167637,0.11139640529310742,0.008007167784339622,True,False,False
SH3TC1,0.050474925831508956,0.017664211590598587,0.054479430570337065,0.008012392330013126,True,False,False
SHLD2,0.05466652519393019,0.05917392088894091,0.07574336679788549,0.007974901152859683,True,False,False
SKAP1,0.039514187112476805,-0.006134142270162197,0.06359077056247751,0.008471560125180192,True,True,False
SLC15A4,0.02295629986998249,-0.034776128279875584,0.02204119999443577,0.007768576396162101,True,False,False
SLC25A27,-0.006692038392260208,-0.11943608194167427,-0.020296953826374937,0.0085655684238007,False,False,False
SLC29A2,0.088353569623038,0.10551770930567705,0.10929741404527923,0.007989376125068847,True,False,False
SLC2A4,0.007948982881922554,-0.03081276876676031,-0.0029026989334930134,0.006463103781524819,False,False,False
SLC37A1,0.0832963100947006,0.04024682707971729,0.09249315715483905,0.007717054262683438,True,False,False
SLC4A2,0.09085843816916388,0.08944079817829895,0.10002112946170061,0.007806560369044335,True,False,False
SLC4A9,-0.004272507974107034,-0.06119019565328085,-0.0010263205929330135,0.00327479780928833,False,False,False
SLC6A16,0.05018266314111631,0.02627405818348632,0.03488742566307317,0.007844905695083244,True,False,False
SLC7A3,-0.0021995582880950833,-0.07579846281643124,-2.659239786020624e-05,0.0022712577884555856,False,False,False
SLC7A5,0.15799871275560648,0.16008019318424394,0.16593334836673035,0.007641136283613008,True,True,False
SMU1,0.12138324489267718,0.12064701091163005,0.131698757976152,0.007816775989801336,True,False,False
SMYD4,0.018780695925162218,-0.16014047228863418,0.0204755121547316,0.006963631301703092,True,False,False
SNAP47,0.09859605240024703,0.05796805928241486,0.09761120024748215,0.008248553420492424,True,False,False
SNED1,0.037850210088645295,0.012286710520742691,0.09472058977296963,0.00721413960598471,True,False,False
SNRNP35,0.07968093849849367,0.04360138906724841,0.08247765930579465,0.007094271283138168,True,False,False
SNRPG,0.22611452643113888,0.217999152252494,0.26093426746383086,0.008111085985015915,True,False,False
SNX24,-0.015290222241552102,-0.2049501618792845,-0.01449208477274543,0.008001058651564084,False,True,False
SOX17,0.03836042470810038,-0.010135896861365533,0.039532038203049846,0.00740491919897746,True,False,False
SPAG5,0.12579345777370243,0.13630520372757318,0.16129491686177796,0.0073920710805795466,True,True,False
SPARCL1,0.17954589504413745,0.1262720501684864,0.24412089344866017,0.00727319305273059,True,False,False
SPEN,0.03525700280858217,-0.12976595353529363,0.03906000144291347,0.007599630128472532,True,False,False
SPG11,0.08937421616049329,0.009057579939313429,0.10115102123666991,0.007490195102121995,True,False,False
SPIDR,0.07884117212903999,0.06140576114525372,0.09507462245728719,0.008030644918447304,True,False,False
SPINK5,0.01168302845858285,-0.03954819196154241,0.012095903281695138,0.0063370345990451495,True,False,False
SPP1,0.08890326951629758,-0.2838930108330467,0.12229774588542837,0.0076353857388318045,True,False,False
SPRED1,0.048216776353919674,-0.10195668110482048,0.058258899720236304,0.007478699151363334,True,False,False
SRPK1,0.10992402711227488,0.08189367433058535,0.1432335180394188,0.008241942734747867,True,True,False
SRRT,0.12692930671381802,0.1021693915397802,0.15287685373151383,0.007796348864702177,True,False,False
SRSF5,0.14482928272797335,0.09959251896829574,0.14836281636304213,0.0083376611650012,True,False,False
STAB1,0.18018159327307526,0.10296168481005136,0.20693990863923042,0.0075182454091248805,True,False,False
STAP1,0.022720298052958242,-0.0028484132198373664,0.03359841450277967,0.0074131418610755145,True,False,False
STAT3,0.007587790372447659,-0.24083396302406265,0.010870632780294537,0.008117456311816325,True,False,False
STAT6,0.017797264606297665,-0.284551546730365,0.007243021670637027,0.008164517821675587,False,False,False
STMN1,0.2872978204249365,0.1444014066539317,0.27883231373264383,0.007675032774642275,True,True,False
STUB1,0.1258888178112319,0.11689243796509616,0.13862442119136972,0.007137504418116796,True,False,False
STXBP2,0.08489174165465894,-0.004393027059652839,0.10374309417822,0.007354624431861441,True,True,False
SUPT20H,0.07585999132289889,0.010175743240147046,0.06569257167464417,0.007645571914654687,True,False,False
SUPT4H1,0.1412115608579878,0.08129073997895872,0.17986186341956198,0.00788486504138668,True,False,False
SURF2,0.11887612748709657,0.13450044319601315,0.13492198117239848,0.007830063617486064,True,False,False
SUV39H2,0.05398936170854987,0.011199616734046312,0.06114535765504965,0.0077833511691173685,True,True,False
SWAP70,0.007087844106011229,-0.14455162549917402,0.007044151236852385,0.00843151204867437,False,False,False
SYNJ2BP,0.08496082826745721,0.07819475535495973,0.10379184846352807,0.007636203607729552,True,False,False
TAF11,0.07896213192631522,0.07015799390977234,0.09661585555364396,0.008164079819289101,True,False,False
TARS2,0.09267248458758294,0.10381166489628582,0.10830893142297855,0.007889029698930584,True,False,False
TBC1D10C,0.11596163812251993,0.13708661141957806,0.14502677590755433,0.007947570637176231,True,False,False
TCIRG1,0.04312224898922605,-0.12314462152821631,0.049474197837001535,0.007745250600411355,True,False,False
TDP1,0.08435673844782593,0.07040606241781708,0.08593581188006696,0.00828259796430725,True,True,False
TFRC,0.1870574097592012,0.14983973959958777,0.18788664413599968,0.0078085154501498655,True,False,False
TGFB3,0.04008078527038126,-0.14386043788734806,0.04339959008138894,0.007144807106171526,True,True,False
TGFBR1,0.019519812052461966,-0.04530728525364116,0.022375068053660123,0.007861433733183213,True,False,False
THAP7,0.06797541740083854,0.060795598617490426,0.06925838890434337,0.008078008630733642,True,False,False
THBS1,0.29086727556700476,0.27871615079188927,0.32968367918324704,0.007852782954604095,True,False,False
THBS2,0.3458040665965447,0.32591548084008404,0.368064941066763,0.007964784494812754,True,False,False
TIMELESS,0.12739371540888464,0.13123448938217086,0.13655968492292409,0.007755343124476274,True,False,False
TJP3,0.1364392039456134,0.13280467260383727,0.18341574589289306,0.007437131897955221,True,True,False
TMED7,0.056137637338503826,-0.24297535851156732,0.07250321008505056,0.007917554842334605,True,False,False
TMEM131,0.04131639230369977,-0.06795709349681478,0.03741036722377583,0.007981348118762461,True,False,False
TMEM132C,0.014772544658590372,-0.1068275208142517,0.0040546065137394,0.0036581078908151064,True,False,False
TMEM150B,0.006674262602241715,-0.10619438015813784,0.00481022677369132,0.004514165352138525,True,False,False
TMEM39B,0.015918742302629834,-0.10626975265533631,0.01454880864499554,0.00810342245018872,True,False,False
TMEM51,0.022219905621080612,-0.009694259004234325,0.01577292057172963,0.008104416057669402,True,False,False
TNC,0.0922586088699562,-0.07229989319673447,0.07744745780079841,0.008000542405873485,True,False,False
TNFRSF11B,0.05355130846900723,0.021946544694948812,0.05200801004474218,0.007034278834085941,True,False,False
TNFRSF4,0.11609837649373451,0.1010016571025153,0.10231650202043927,0.007870593293462484,True,False,False
TNKS2,0.05638796710056881,-0.037001109825536636,0.08977245985562893,0.008318226696339687,True,False,False
TNPO1,0.09712800295309057,0.08712596723319231,0.10277256713858628,0.007825945950556367,True,False,False
TOR4A,0.059001813019884206,0.016234510838994062,0.04399825053265433,0.007787074632263751,True,False,False
TOX4,0.09139356428773479,0.06474316443032255,0.10931334713080132,0.007903911513762104,True,False,False
TPM2,0.17959212782828257,0.15170099891084693,0.24296755720097218,0.007677172078523186,True,False,False
TRA2B,0.1337466635812775,0.1271413605970601,0.1313940891592168,0.007981507413807855,True,False,False
TRAF4,0.22611055877597006,0.182471287916014,0.25723796130962856,0.007938034898172656,True,True,False
TRAK1,0.044551556643102085,-0.049466700988399726,0.07371170708626441,0.00734370059606855,True,False,False
TRAP1,0.16053479756302735,0.18359210764919603,0.19443409572337714,0.007936032327045352,True,False,False
TRIM26,0.06932996856936682,0.043549736216345024,0.08694335365226794,0.008250771721923745,True,False,False
TRIM38,0.014246405582147889,-0.09973915319623082,0.027400324167081616,0.008160819930449363,True,False,False
TRIM65,0.03636373623777806,-0.03479937743093531,0.04773235803228599,0.008262383422268663,True,False,False
TSHZ1,0.012454043308258332,-0.17518943983236632,-0.028988453662944922,0.007885682506050361,False,False,False
TSR3,0.06438478575283618,0.03534953049243223,0.05736082157984071,0.008083179219470008,True,False,False
TSSC4,0.06985620524719897,0.046658032712535415,0.05967713126809059,0.007944897529475683,True,False,False
TSTA3,0.11628650448500726,0.10160577733101248,0.14376921859384978,0.008042998408117997,True,False,False
TTC5,0.039256430378207925,0.00010276393960799435,0.039251886401013736,0.007830981675327496,True,False,False
TTC9,0.09294945262037357,0.09444184403403406,0.13789811858322815,0.007549431873722839,True,True,False
TTK,0.07554866313299877,0.09997751551395999,0.10482987953567854,0.008134377158563709,True,True,False
TUBB,0.1717982013106898,0.10681238216384722,0.17926281248126769,0.007773382652619687,True,True,False
TXNDC2,-0.007515552630015431,-0.0818415092034074,4.304507332260934e-05,0.004781926601001843,False,False,False
TXNL1,0.08686223838463322,0.05573530495221398,0.14902754053552306,0.0076704601955004574,True,False,False
UACA,0.12854231214990647,0.0684036888600287,0.1269086409342838,0.007945122317663013,True,False,False
UBA3,0.09755856950215713,0.10274317841946448,0.11790655635140931,0.008015283868593112,True,False,False
UBE2A,0.061072311713478766,0.06969012654398035,0.07957660316559693,0.00807090300156506,True,False,False
UBE2W,0.042654057738145,0.021476608747145177,0.06821892460030374,0.007795915670914263,True,False,False
UBTF,0.06464918910258746,-0.0033171228484769194,0.06491248782511212,0.007793601323021965,True,True,False
UCK2,0.1390156158371177,0.14180059248332832,0.16725009733474355,0.008718867220290659,True,True,False
UQCRQ,0.25407096859302086,0.14611484804972943,0.27121092022399207,0.00791475350045746,True,True,False
USP35,0.0011976814988163905,-0.12491017410683163,0.0014702692715273028,0.00712247958969161,False,False,False
USP9X,0.10097134410280834,0.006525841396025522,0.115968323716761,0.008220098104050466,True,False,False
VASP,0.03195208899129712,-0.10471245772835078,0.04706290325901245,0.007612084585146171,True,False,False
VCAN,0.22517541771345617,0.17925624468750975,0.277491724218504,0.008299869564377324,True,False,False
VCP,0.21691644316085837,0.15728605242211835,0.2082593433464908,0.007584104863660269,True,True,False
VIP,0.02286197595137336,-0.04656857316373159,0.009932478313039332,0.006077588574339234,True,False,False
VPS26C,0.024053988528629656,-0.13740140211539534,0.03255994915449337,0.008101519983027956,True,False,False
VPS4A,0.08915486831366694,0.0669617560869027,0.09833961045010645,0.007899742606275273,True,False,False
VSIG2,-0.000859656289179797,-0.17224641376957883,0.006810747451572362,0.005454729677368684,True,False,False
VWF,0.13995794704509137,0.1349869933598674,0.1577878715095492,0.008019011996724446,True,False,False
WBP2,0.019411935191478543,-0.04343346268971591,0.017371868113154387,0.007981147854119285,True,False,False
WDR36,0.06516794416835386,0.0015020372930658436,0.07788810797187946,0.007791363992017427,True,False,False
WDR90,0.12691007103646038,0.14006664493526838,0.1568575554194881,0.0077875974135228855,True,True,False
WFS1,0.10439412650807789,-0.017993586369966702,0.07783107662606689,0.007633053736045313,True,False,False
XAF1,0.08682765238470129,0.07226343024722466,0.0922854991963322,0.008060903671748273,True,False,False
XPNPEP3,0.08402885148736093,0.08623736195470005,0.0905258613934195,0.00865422810114459,True,False,False
XPO1,0.14857682516250137,0.1533677200094109,0.15702874471528036,0.0083663122708782,True,False,False
XPO5,0.10392112847828469,0.0876680969094679,0.11562524635272926,0.0077419305349567475,True,True,False
XRCC5,0.18109353934553835,0.1745914731255823,0.19419744695183822,0.008028437336375772,True,False,False
XYLT2,0.15870076058628216,0.049652479725704565,0.1319548336636985,0.007444805979050688,True,False,False
YIF1A,0.10171419806005551,0.06469983611692637,0.07797118901545261,0.007846313949186284,True,True,False
YIF1B,0.07934995884548571,0.06899800029128714,0.0827924034138219,0.00793538716418229,True,False,False
YWHAG,0.11194333254540674,0.10412618149184619,0.11519553848508934,0.007309729062005284,True,False,False
ZBTB22,0.03705291901649331,-0.04698483673736331,0.040164788730617663,0.008482857467401425,True,False,False
ZBTB7B,0.1888738102168196,0.1568210734001661,0.18486911111342333,0.007516265756416472,True,False,False
ZFP69B,0.020230614489603966,-0.14694367044225812,0.01640054050618039,0.006528338100077189,True,False,False
ZFYVE16,0.04868251168072742,-0.10855226988384395,0.053745673359125015,0.007769460741798735,True,False,False
ZFYVE19,0.09187922953209426,0.06004717296373426,0.08816466432168596,0.007567339450250767,True,True,False
ZGRF1,0.025748174354398946,-0.04608115448426315,0.04509231314537585,0.00819620298096427,True,False,False
ZMYM3,0.07693474422612868,0.04234238358195864,0.08228861107324971,0.007708345402361385,True,False,False
ZMYM4,0.07592681121233276,-0.01207517707377153,0.08980535459902607,0.007583282767458758,True,False,False
ZMYND19,0.14409704791129319,0.15115659168257364,0.1619333785334309,0.007446587448483513,True,False,False
ZNF148,0.04493911282747127,-0.03431428756898858,0.05157818401502176,0.008187725951305333,True,False,False
ZNF330,0.0307495411312229,-0.1088567958516881,0.04007856648564212,0.008382580758118994,True,False,False
ZNF331,0.013700050694564272,-0.06819823072402727,0.005111096148126343,0.008378683483864587,False,False,False
ZNF33B,0.05843895274233579,0.06858448723788763,0.09301600892824458,0.008075902364121076,True,False,False
ZNF358,0.020864776754484702,-0.042470257286710805,0.025552880506044158,0.008157631736704099,True,False,False
ZNF396,0.03837612962609272,0.011653759055967343,0.036843987539561494,0.008320794922473148,True,False,False
ZNF410,0.005206715805695714,-0.6493135232576134,0.0037761796737409347,0.002915762089130517,True,False,False
ZNF496,0.056080389885335855,0.018033280821018297,0.06306878284791372,0.007922247982073182,True,False,False
ZNF511,0.05487500233163379,0.06800846051829587,0.083125839778488,0.008321482946408812,True,False,False
ZNF524,0.054908529090016096,0.046586169315649115,0.05232679501553504,0.008048892130183767,True,False,False
ZNF556,-0.0021795092985868476,-0.04423607287199746,-0.0012192769252850485,0.0062050621324306115,False,False,False
ZNF557,0.04221021366600737,-0.11978873545317231,0.04053859544244219,0.007747247563021155,True,False,False
ZNF587B,0.03377282947149608,-0.07166288474809564,0.049774314814442194,0.0075765301971223,True,False,False
ZNF707,0.020189686252858306,-0.13713138306858866,0.01696247490719432,0.00788249017907604,True,False,False
ZNF716,-0.002355614991297706,-0.046349195848764214,-0.00014941942022700448,0.005742536474630973,False,False,False
ZNF787,0.05840122998020498,0.05317334192870819,0.07126831369961921,0.007944970896659563,True,False,False
ZNF84,0.11451361835084836,0.10724817482009498,0.11562973939788826,0.007652424279616008,True,False,False
ZNF90,0.03416131201489173,0.03339367603745283,0.04284881919459771,0.00795742161159459,True,False,False
