section,dataset,patient,subtype,spots,genes,label_source,n_tumour,n_stroma,n_immune,n_other,full_res_image,histology_arm
1142243F,wu2021,1142243F,TNBC,4784,28402,pathologist,3627,445,25,687,,False
1160920F,wu2021,1160920F,TNBC,4895,28402,pathologist,3167,1215,186,327,,False
CID4290,wu2021,CID4290,ER+,2432,19237,pathologist,2297,122,0,13,,False
CID4465,wu2021,CID4465,TNBC,1211,19237,pathologist,1131,73,0,7,,False
CID44971,wu2021,CID44971,TNBC,1162,19237,pathologist,590,248,81,243,,False
CID4535,wu2021,CID4535,ER+,1127,19237,pathologist,782,177,69,99,,False
V19T26-012_A1,li2025,BCSA1,TNBC,3536,33538,markers,1397,798,487,854,,False
V19T26-012_B1,li2025,BCSA1,TNBC,2968,33538,markers,1055,597,402,914,,False
V19T26-012_C1,li2025,BCSA1,TNBC,2122,33538,markers,826,387,248,661,,False
V19T26-012_D1,li2025,BCSA1,TNBC,1943,33538,markers,730,343,251,619,,False
V10F24-112_C1,li2025,BCSA2,HER2+,2386,33538,markers,813,453,338,782,,False
V10F24-112_D1,li2025,BCSA2,HER2+,2605,33538,markers,896,450,328,931,,False
V10F24-113_A1,li2025,BCSA2,HER2+,3234,33538,markers,1165,700,540,829,,False
V10F24-114_C1,li2025,BCSA2,HER2+,3285,33538,markers,1165,512,420,1188,,False
V19T26-031_C1,li2025,BCSA3,HER2+,2617,33538,markers,819,573,467,758,,False
V19T26-031_B1,li2025,BCSA3,HER2+,2298,33538,markers,604,445,386,863,,False
V19T26-032_D1,li2025,BCSA3,HER2+,2720,33538,markers,751,633,470,866,,False
V19T26-032_C1,li2025,BCSA3,HER2+,2676,33538,markers,756,596,459,865,,False
V19T26-032_B1,li2025,BCSA3,HER2+,2371,33538,markers,676,507,426,762,,False
V19T26-032_A1,li2025,BCSA3,HER2+,2445,33538,markers,644,520,437,844,,False
