subtype,arm,n_genes,mean_lfc_tumour,median_lfc_tumour,floor_p95,floor_median,floor_pct,beats_floor
basal,MOFA+,50,0.26828205585479736,0.25710970163345337,0.058479953557252884,-0.03387237340211868,0.0,True
basal,R,50,0.23447711765766144,0.21467436850070953,0.056090645492076874,-0.03790879249572754,0.0,True
basal,R+D,50,0.24344798922538757,0.253185898065567,0.060869377106428146,-0.03969921916723251,0.0,True
basal,R+P,50,0.2114669233560562,0.24528762698173523,0.05843177065253258,-0.04212863743305206,0.0,True
basal,R+P+D,50,0.22825045883655548,0.2568817138671875,0.05665673315525055,-0.039330534636974335,0.0,True
basal,R-all,50,0.29975390434265137,0.2834492325782776,0.06385944038629532,-0.033572323620319366,0.0,True
her2,MOFA+,50,0.1791837513446808,0.25359436869621277,0.10181442648172379,0.0011705756187438965,0.001,True
her2,R,50,0.2825973331928253,0.24295195937156677,0.1010700911283493,-0.00032394385198131204,0.0,True
her2,R+D,50,0.23732466995716095,0.22505474090576172,0.09870500862598419,0.0021386155858635902,0.0,True
her2,R+P,50,0.23666080832481384,0.23108190298080444,0.09433245658874512,0.0009648382547311485,0.0,True
her2,R+P+D,50,0.2634156346321106,0.25992080569267273,0.09919443726539612,0.0016622861148789525,0.0,True
her2,R-all,50,0.2692638039588928,0.30760326981544495,0.09119872003793716,-0.0063638812862336636,0.0,True
luminal,MOFA+,50,0.23410560190677643,0.21973809599876404,0.12672433257102966,0.05845588445663452,0.0,True
luminal,R,50,0.2481948882341385,0.22989797592163086,0.11613911390304565,0.05106143280863762,0.0,True
luminal,R+D,50,0.24039192497730255,0.19288846850395203,0.12783388793468475,0.05699632689356804,0.0,True
luminal,R+P,50,0.22163760662078857,0.20645716786384583,0.1231723353266716,0.0535728819668293,0.0,True
luminal,R+P+D,50,0.22988098859786987,0.1966591477394104,0.1273757368326187,0.056595031172037125,0.0,True
luminal,R-all,50,0.269072562456131,0.24754881858825684,0.12395539879798889,0.05291128158569336,0.0,True
