subtype,arm,rank,gene,n_sections,lfc_tumour,lfc_stroma,lfc_immune,tumour_fraction,perm_p,replicated,mean_effect_subtype,hit_subtype,call
basal,R-all,1,E2F3,8,0.14136745035648346,-0.12524092197418213,-0.0844164490699768,1.0906791133167937,0.02097902097902098,False,-0.1942994612360357,False,mixed
basal,R-all,2,SUV39H2,8,0.21340292692184448,-0.15277321636676788,-0.23449921607971191,1.207025433353862,0.003996003996003996,False,0.026938661673461,False,mixed
basal,R-all,3,SRPK1,8,0.4942031502723694,-0.31755176186561584,-0.5778120160102844,1.179667305402596,0.000999000999000999,False,-0.1208250381718358,False,mixed
basal,R-all,4,ANP32E,8,0.19078785181045532,-0.2215082049369812,-0.13450901210308075,1.0709461884588791,0.000999000999000999,False,-0.2820166429969818,False,mixed
basal,R-all,5,HMGA1,8,0.08566984534263611,-0.14996063709259033,-0.08122891187667847,1.0295600611106277,0.00999000999000999,False,-0.6302086979806316,False,mixed
basal,R-all,6,CDC123,8,0.5301450490951538,-0.41192811727523804,-0.4989227056503296,1.1942185598211092,0.000999000999000999,False,-1.7415037520492227,False,tumour
basal,R-all,7,NCAPD2,8,0.40071606636047363,-0.3788333535194397,-0.018867745995521545,1.1378932519617702,0.000999000999000999,False,-1.5616345909349614,False,mixed
basal,R-all,8,CDCA2,8,0.05204334855079651,-0.08556713908910751,-0.08921410143375397,1.0305149048402766,0.3876123876123876,False,-0.1748702986900208,False,mixed
basal,R-all,9,CDCA8,8,0.23027443885803223,-0.26621997356414795,-0.09545274078845978,1.0940140138988048,0.001998001998001998,False,-1.3199119074846992,False,mixed
basal,R-all,10,RRP1B,8,0.29747188091278076,-0.22717061638832092,-0.09763868153095245,1.0667305574745587,0.000999000999000999,False,0.08807841172041,False,mixed
basal,R-all,11,GTPBP4,8,0.1401267945766449,-0.044341959059238434,-0.462211549282074,1.0459835947624132,0.005994005994005994,False,-1.6821520924600633,False,mixed
basal,R-all,12,CDC20,8,0.402050256729126,-0.323055624961853,-0.31416913866996765,1.113574820041089,0.000999000999000999,False,-2.1034365360392555,False,mixed
basal,R-all,13,GPN1,8,0.33939945697784424,-0.229518324136734,-0.23319724202156067,1.0737300800772986,0.000999000999000999,False,-1.6993915442068106,False,mixed
basal,R-all,14,UCK2,8,0.5485807657241821,-0.24139006435871124,-0.6949778199195862,1.1569032338573302,0.000999000999000999,False,-0.1278219711230094,False,tumour
basal,R-all,15,HDGF,8,0.23868662118911743,-0.12266469746828079,-0.28999772667884827,1.0570165296298781,0.000999000999000999,False,-0.0175998619732733,False,mixed
basal,R-all,16,MEMO1,8,-0.6966089010238647,0.44901663064956665,0.18780329823493958,0.628835791549306,0.000999000999000999,False,-0.3055985939183094,False,mixed
basal,R-all,17,PDCD5,8,0.5484400391578674,-0.463312566280365,-0.4980461001396179,1.2031544019287943,0.000999000999000999,False,-0.4169354257645746,False,tumour
basal,R-all,18,PDIA6,8,0.05030198395252228,-0.015717463567852974,-0.09256531298160553,1.0062595447403013,0.07092907092907093,False,0.0015766370978775,False,mixed
basal,R-all,19,ILF2,8,0.5144410133361816,-0.3968467712402344,-0.5934960246086121,1.1930213007132304,0.000999000999000999,False,-0.9179287204129882,False,tumour
basal,R-all,20,XPO5,8,0.3124786615371704,-0.25215888023376465,-0.30783936381340027,1.1146879903546583,0.000999000999000999,False,-0.6902353563725754,False,mixed
basal,R-all,21,DKC1,8,0.4521630108356476,-0.1807301938533783,-0.6879966259002686,1.1359281191708543,0.000999000999000999,False,-1.1978108471862463,False,mixed
basal,R-all,22,MCM7,8,0.5558733344078064,-0.3758852779865265,-0.4662560522556305,1.201685307424888,0.000999000999000999,False,-2.022255013634871,False,tumour
basal,R-all,23,MSH2,8,0.3906153440475464,-0.21452148258686066,-0.27797195315361023,1.1719874225214086,0.000999000999000999,False,-0.2536481933033742,False,mixed
basal,R-all,24,RIPK2,8,0.1933472603559494,-0.14428554475307465,-0.05002265051007271,1.0203493183614776,0.001998001998001998,False,0.0178544314402472,False,mixed
basal,R-all,25,NUP93,8,0.2616680860519409,-0.12336201965808868,-0.37278643250465393,1.0680162206418689,0.000999000999000999,False,-1.5677725752798268,False,mixed
basal,R-all,26,STMN1,8,0.9795722961425781,-0.6541340351104736,-0.8104689121246338,1.3228287121695765,0.000999000999000999,False,-0.0120398022374762,False,tumour
basal,R-all,27,RBM28,8,0.16474875807762146,-0.18390212953090668,-0.005754995625466108,1.0547346751206947,0.005994005994005994,False,-0.6857434251339266,False,mixed
basal,R-all,28,CHEK1,8,0.4301089644432068,-0.24462562799453735,-0.21853353083133698,1.1467212945622303,0.000999000999000999,False,-2.160236472863521,False,mixed
basal,R-all,29,RCOR2,8,0.21594581007957458,-0.11296631395816803,-0.2380094826221466,1.2005834252203202,0.001998001998001998,False,-0.2167663987641351,False,mixed
basal,R-all,30,HSPA14,8,0.1290159970521927,-0.07521137595176697,-0.235311821103096,1.0740136711604,0.05194805194805195,False,-0.1402012593301289,False,mixed
basal,R-all,31,NUDT5,8,0.48386380076408386,-0.4646891951560974,-0.2693760395050049,1.152395895002464,0.000999000999000999,False,0.0523082830262463,False,mixed
basal,R-all,32,GMPS,8,0.27682989835739136,-0.1406777799129486,-0.38696664571762085,1.0674771267719512,0.000999000999000999,False,-1.0106355232031417,False,mixed
basal,R-all,33,PSME4,8,0.1501142680644989,-0.1495613157749176,0.021084008738398552,1.0232922624185452,0.003996003996003996,False,-0.0711028960952278,False,mixed
basal,R-all,34,TUBB,8,0.1093674972653389,-0.0512143075466156,-0.16902491450309753,1.015294256442489,0.000999000999000999,False,-1.9832014785220584,False,mixed
basal,R-all,35,TTK,8,0.283328652381897,-0.15643465518951416,-0.4761853516101837,1.1415357309747993,0.000999000999000999,False,-0.826183631071794,False,mixed
basal,R-all,36,NOP2,8,0.4780101776123047,-0.320162296295166,-0.39364346861839294,1.1251729483257185,0.000999000999000999,False,-1.0523466189463464,False,mixed
basal,R-all,37,ASNS,8,0.2669256329536438,-0.17972534894943237,-0.2471780776977539,1.1381167450435892,0.000999000999000999,False,-0.2152938122450845,False,mixed
basal,R-all,38,SLC7A5,8,0.5357873439788818,-0.4429919123649597,-0.34052327275276184,1.201590211527236,0.000999000999000999,False,-0.318194587787652,False,tumour
basal,R-all,39,LSM2,8,0.4430607557296753,-0.4379863739013672,-0.22112146019935608,1.1692548509002814,0.000999000999000999,False,-2.546013529985234,False,mixed
basal,R-all,40,NDC80,8,0.2835698127746582,-0.23627027869224548,-0.17124998569488525,1.0989975949306123,0.000999000999000999,False,-1.5276665090955608,False,mixed
basal,R-all,41,IRAK1,8,0.01605490781366825,-0.06689610332250595,-0.037131167948246,1.0050384837752424,0.6623376623376623,False,-0.0107845936039227,False,mixed
basal,R-all,42,BYSL,8,0.24585488438606262,-0.1887545883655548,-0.4297447204589844,1.1294208376250552,0.000999000999000999,False,-1.26212826749413,False,mixed
basal,R-all,43,AURKB,8,0.2520543038845062,-0.14188170433044434,-0.2630714774131775,1.1663540644540356,0.000999000999000999,False,-2.297899708407904,False,mixed
basal,R-all,44,PSMB2,8,0.46008801460266113,-0.45969492197036743,-0.17652566730976105,1.1626469011594165,0.000999000999000999,False,-1.9577232329115533,False,mixed
basal,R-all,45,PUS7,8,0.42295148968696594,-0.3470383584499359,-0.2541922330856323,1.1740795572744462,0.000999000999000999,False,-0.0588745203375116,False,mixed
basal,R-all,46,DNAJC2,8,-0.18959137797355652,0.20340482890605927,0.10766086727380753,0.9555482080735445,0.000999000999000999,False,-0.0786406189010937,False,mixed
basal,R-all,47,CKS1B,8,0.6457488536834717,-0.4939316511154175,-0.47156471014022827,1.2061259095963028,0.000999000999000999,False,-0.6724029704065199,False,tumour
basal,R-all,48,RANBP1,8,0.6716058850288391,-0.5497918128967285,-0.7197878360748291,1.2433060359738253,0.000999000999000999,False,-0.4208083474799409,False,tumour
basal,R-all,49,CDCA3,8,0.5276385545730591,-0.4688190221786499,-0.47968611121177673,1.2941720121602915,0.000999000999000999,False,-0.3748196209890541,False,tumour
basal,R-all,50,PLOD3,8,-0.18260574340820312,0.15449634194374084,0.0869290679693222,0.9562039535473991,0.006993006993006993,False,0.1276106982792248,False,mixed
her2,R+D,1,GRB7,10,0.6405175924301147,-0.4469178020954132,-0.3617948889732361,1.2989506179287635,0.000999000999000999,True,-0.0638785509217244,False,tumour
her2,R+D,2,ERBB2,10,0.8064575791358948,-0.6087476015090942,-0.473585844039917,1.357619351615488,0.000999000999000999,True,-1.172773725139216,True,tumour
her2,R+D,3,PSMD3,10,0.8209553956985474,-0.6705887317657471,-0.40224310755729675,1.3673206101601663,0.000999000999000999,True,-2.097213844898286,False,tumour
her2,R+D,4,AKT1,10,0.3932501971721649,-0.2656138241291046,-0.21578818559646606,1.1527043061440678,0.000999000999000999,True,-0.3437058308976796,False,mixed
her2,R+D,5,CLPB,10,-0.017924301326274872,-0.03746654465794563,0.03208523616194725,0.9781273429419481,0.8141858141858141,False,-0.3105762659128728,False,mixed
her2,R+D,6,ATP6V1D,10,0.1658780723810196,-0.08212699741125107,-0.16482791304588318,1.075317521497954,0.01098901098901099,False,-0.8826729474848316,False,mixed
her2,R+D,7,CDK12,10,0.3899562358856201,-0.3408872187137604,-0.21512198448181152,1.2005756009344548,0.000999000999000999,True,-0.7690572962214066,False,mixed
her2,R+D,8,ALDH18A1,10,0.20289388298988342,-0.0966658815741539,-0.3232700228691101,1.1220471635656641,0.000999000999000999,False,-0.2621222049993862,False,mixed
her2,R+D,9,GOLGA5,10,0.13901659846305847,-0.061484090983867645,-0.07351038604974747,1.0702851921042709,0.03996003996003996,False,-0.1121137230327384,False,mixed
her2,R+D,10,OTUB2,10,0.09670798480510712,-0.10894202440977097,-0.027554325759410858,1.0123146150012032,0.061938061938061936,False,0.0472174783447214,False,mixed
her2,R+D,11,RAB1B,10,0.1884419322013855,-0.20827260613441467,-0.05744193494319916,1.0701519068331142,0.000999000999000999,False,-0.5693239865870635,False,mixed
her2,R+D,12,CCNK,10,0.0657099261879921,0.06915032863616943,-0.06443437933921814,1.0195331141794435,0.30569430569430567,False,-1.3130794475661869,False,mixed
her2,R+D,13,PAPOLA,10,0.12466423958539963,-0.09067555516958237,-0.08908188343048096,1.0522383984812236,0.002997002997002997,False,-0.2652852875002431,False,mixed
her2,R+D,14,ODF2,10,0.4890574812889099,-0.25208544731140137,-0.32269030809402466,1.2331430804281382,0.000999000999000999,False,0.0643273280376036,False,mixed
her2,R+D,15,ADRM1,10,0.1949378401041031,-0.23120084404945374,-0.11167015135288239,1.0689522964241363,0.000999000999000999,False,-0.3229194016258889,False,mixed
her2,R+D,16,CDK1,10,0.5871970653533936,-0.3861490488052368,-0.34214359521865845,1.3075312664003729,0.000999000999000999,False,-2.776548664046032,False,tumour
her2,R+D,17,HM13,10,0.14282038807868958,-0.09729569405317307,-0.07344231754541397,1.0576447524836867,0.000999000999000999,False,-0.2225965249836798,False,mixed
her2,R+D,18,RDH11,10,-0.13543279469013214,0.1242840364575386,0.07263220846652985,0.9838614353596646,0.03496503496503497,False,0.0586919100733059,False,mixed
her2,R+D,19,INPPL1,10,0.17259247601032257,-0.15703970193862915,0.005283460021018982,1.06718158236648,0.000999000999000999,False,0.0082713125634182,False,mixed
her2,R+D,20,TRAF4,10,0.5360239744186401,-0.5358456373214722,-0.28159454464912415,1.3068016712968489,0.000999000999000999,False,-0.2522328836119208,False,tumour
her2,R+D,21,BRMS1,10,-0.11127986758947372,0.09560704231262207,0.03649010509252548,0.944628871282533,0.03296703296703297,False,-0.3725145445474463,False,mixed
her2,R+D,22,IPO4,10,0.34280818700790405,-0.304922878742218,-0.13117319345474243,1.1863609907776413,0.000999000999000999,False,-0.1107001928755288,False,mixed
her2,R+D,23,TGFB3,10,-0.3795904219150543,0.5490276217460632,-0.06198297441005707,0.8092808524295227,0.000999000999000999,False,0.0144368339211639,False,stroma
her2,R+D,24,HSP90AA1,10,0.2295055389404297,-0.10015459358692169,-0.16860181093215942,1.0923478599663887,0.000999000999000999,False,-0.2312862802595457,False,mixed
her2,R+D,25,PLCB3,10,0.13696491718292236,-0.08065953850746155,-0.09645859897136688,1.098029186146309,0.028971028971028972,False,-0.149161992044988,False,mixed
her2,R+D,26,AHSA1,10,0.2172720730304718,-0.18748144805431366,-0.13599428534507751,1.1246402630785564,0.000999000999000999,False,-0.1254177366325896,False,mixed
her2,R+D,27,IGSF3,10,0.658679187297821,-0.577018678188324,-0.39323124289512634,1.3669129152194182,0.000999000999000999,False,-0.1006408935813425,False,tumour
her2,R+D,28,COL1A1,10,-1.8084701299667358,1.6941800117492676,-0.12444235384464264,0.45715828236107736,0.000999000999000999,False,-0.156707403493964,False,stroma
her2,R+D,29,SDF2,10,0.3903379738330841,-0.21880152821540833,-0.22531412541866302,1.148214467520667,0.000999000999000999,False,-0.1806086674284974,False,mixed
her2,R+D,30,SPAG5,10,0.5046230554580688,-0.3655635714530945,-0.33074116706848145,1.2543144578807022,0.000999000999000999,False,-0.6858510035389817,False,tumour
her2,R+D,31,MTFR1,10,0.5352299213409424,-0.16644369065761566,-0.5650544166564941,1.2335826289183514,0.000999000999000999,False,-0.0372532544331031,False,tumour
her2,R+D,32,CCDC134,10,0.027639715000987053,0.14800281822681427,-0.08160993456840515,0.8867943826305222,0.6373626373626373,False,0.0514714573945852,False,mixed
her2,R+D,33,CFL1,10,0.12156666815280914,-0.06796449422836304,-0.05839134007692337,1.0422038008005192,0.000999000999000999,False,-0.5805845142618936,False,mixed
her2,R+D,34,GLRX5,10,0.3509790599346161,-0.2552238702774048,-0.12479918450117111,1.1311092054569483,0.000999000999000999,False,-0.5245889785648852,False,mixed
her2,R+D,35,C14orf119,10,0.06039196252822876,-0.12290872633457184,-0.005250587128102779,0.9995567114331025,0.21678321678321677,False,-0.1133319397093057,False,mixed
her2,R+D,36,TDP1,10,0.22060394287109375,-0.1321295201778412,-0.1008279100060463,1.1087107913861884,0.003996003996003996,False,0.0349033053865948,False,mixed
her2,R+D,37,YIF1A,10,0.12155506014823914,-0.10652028769254684,-0.12655624747276306,1.0399353769843054,0.006993006993006993,False,-0.1691063853097144,False,mixed
her2,R+D,38,PSMA3,10,0.149051696062088,-0.12875454127788544,-0.10933206975460052,1.0710884770309823,0.002997002997002997,False,-2.885864225214526,False,mixed
her2,R+D,39,OTUB1,10,0.26858121156692505,-0.22893846035003662,-0.13265256583690643,1.0917351283983048,0.000999000999000999,False,-0.25003898981743,False,mixed
her2,R+D,40,DPP3,10,0.40005528926849365,-0.3108534514904022,-0.1585625261068344,1.2167117594059642,0.000999000999000999,False,-0.1695061336226743,False,mixed
her2,R+D,41,PGM3,10,0.30186378955841064,-0.15052920579910278,-0.40131404995918274,1.1441837013871134,0.000999000999000999,False,-0.1790213968225507,False,mixed
her2,R+D,42,BEND3,10,0.18116047978401184,-0.10907524824142456,-0.0670425295829773,1.1557171057616356,0.014985014985014986,False,-0.0665779923865051,False,mixed
her2,R+D,43,PPP1R14B,10,0.3106309473514557,-0.2501181960105896,-0.17863920331001282,1.1170795341494468,0.000999000999000999,False,-0.5910257601670038,False,mixed
her2,R+D,44,PSMB5,10,0.35033801198005676,-0.2707892656326294,-0.2724549174308777,1.1261219291858033,0.000999000999000999,False,-2.117745822342458,False,mixed
her2,R+D,45,STIP1,10,0.32449543476104736,-0.25321656465530396,-0.11774488538503647,1.14376292109029,0.000999000999000999,False,-0.217578881745093,False,mixed
her2,R+D,46,GALNT6,10,0.4244866967201233,-0.4468505084514618,-0.052631787955760956,1.1674592976379725,0.000999000999000999,False,-0.0317520637435257,False,mixed
her2,R+D,47,VCP,10,0.3951030671596527,-0.2796543538570404,-0.22997723519802094,1.172040144438769,0.000999000999000999,False,-2.585663768945704,False,mixed
her2,R+D,48,BANF1,10,0.47103285789489746,-0.32488662004470825,-0.24125105142593384,1.198352573666325,0.000999000999000999,False,-2.0816345982445186,False,mixed
her2,R+D,49,PSMA7,10,0.21466949582099915,-0.15201078355312347,-0.13499343395233154,1.0846599134183155,0.000999000999000999,False,-2.553178485070068,False,mixed
her2,R+D,50,TTC9,10,0.45222657918930054,-0.4731786847114563,-0.23578843474388123,1.250044527238015,0.000999000999000999,False,0.1141805139261736,False,mixed
luminal,R+D,1,GATA3,2,0.5651261210441589,-0.4746791422367096,-0.8206490874290466,1.0535420307959176,0.000999000999000999,True,-1.2500199641602867,True,tumour
luminal,R+D,2,FAF2,2,0.19485610723495483,-0.22475112974643707,-0.10793732106685638,1.0353467963929184,0.16783216783216784,False,-0.4442725170277588,False,mixed
luminal,R+D,3,CCDC125,2,0.25623422861099243,-0.3103507459163666,-0.08140623569488525,1.0572840225126756,0.14985014985014986,False,-0.1072215599009577,False,mixed
luminal,R+D,4,MCCC2,2,0.19846218824386597,-0.1800738126039505,-0.20418643951416016,1.0061168497830746,0.03396603396603397,True,-0.0468915841511367,False,mixed
luminal,R+D,5,FOXA1,2,0.40079858899116516,-0.3052620589733124,-0.8566309809684753,1.0446892883264653,0.000999000999000999,False,-1.424573086674186,True,mixed
luminal,R+D,6,CXXC5,2,0.015024766325950623,-0.013780251145362854,-0.23372779786586761,1.0237529703279675,0.8611388611388612,True,0.0777186095822923,False,mixed
luminal,R+D,7,FAAH,2,-0.008623301982879639,0.06289440393447876,-0.5275824666023254,1.0026434742670034,0.955044955044955,False,-0.1798807167417848,False,mixed
luminal,R+D,8,MAPK9,2,0.23407211899757385,-0.28165218234062195,-0.2390013486146927,1.0565923139353337,0.14985014985014986,True,0.1979961481046872,False,mixed
luminal,R+D,9,PCYOX1L,2,0.09659626334905624,-0.055236876010894775,-0.25319528579711914,1.019744322148095,0.6413586413586414,True,0.0589395642430494,False,mixed
luminal,R+D,10,PPP2CA,2,0.34714475274086,-0.34962010383605957,-0.08169404417276382,1.0178149768824083,0.001998001998001998,False,-1.172868145109298,False,mixed
luminal,R+D,11,CNOT6,2,0.2545913755893707,-0.23850604891777039,-0.3432886302471161,1.0335015941127632,0.09490509490509491,False,-0.1026147938748465,False,mixed
luminal,R+D,12,MARVELD2,2,0.111384816467762,-0.08529563248157501,-0.39959147572517395,1.0366962429275037,0.5304695304695305,True,-0.0424180934159343,False,mixed
luminal,R+D,13,G6PC3,2,0.46074986457824707,-0.4360986351966858,-0.4004456400871277,1.0406713770167428,0.000999000999000999,False,-0.0452608255527131,False,mixed
luminal,R+D,14,ERGIC1,2,0.5534846782684326,-0.548891544342041,-0.3627590239048004,1.0533123648350742,0.000999000999000999,False,0.1548674590963179,False,tumour
luminal,R+D,15,SNX24,2,-0.28349000215530396,0.32457584142684937,-0.4337451457977295,1.0008058189214697,0.1018981018981019,False,0.1278891808748381,False,mixed
luminal,R+D,16,STXBP2,2,0.19092082977294922,-0.22913947701454163,0.20430590212345123,1.0077501794210226,0.12087912087912088,False,-0.0447433265061289,False,mixed
luminal,R+D,17,PANK3,2,0.15978150069713593,-0.13803865015506744,-0.39312878251075745,1.0385308960407027,0.19880119880119881,True,-0.1451758120918401,False,mixed
luminal,R+D,18,FAM151B,2,0.08793509751558304,-0.0795947015285492,0.0072334841825068,0.9623539492710381,0.3936063936063936,True,0.0029564787919902,False,mixed
luminal,R+D,19,SAR1B,2,0.16564637422561646,-0.15102367103099823,-0.2907380759716034,1.0285898831702611,0.20279720279720279,False,-0.059676292723757,False,mixed
luminal,R+D,20,CDK7,2,0.35777217149734497,-0.33469098806381226,-0.4134907126426697,1.0447381100637598,0.015984015984015984,False,-1.6212166793717584,False,mixed
luminal,R+D,21,SKAP1,2,0.5964266657829285,-0.5731934905052185,-0.20813870429992676,1.0386551382257805,0.001998001998001998,False,-0.1044807687359077,False,tumour
luminal,R+D,22,CELSR2,2,0.45476484298706055,-0.5664341449737549,-0.08622800558805466,1.0667163853611865,0.001998001998001998,False,-0.2548012757778429,False,mixed
luminal,R+D,23,TJP3,2,0.6083137392997742,-0.6335789561271667,-0.36831191182136536,1.0704849870456812,0.000999000999000999,False,-0.0197090310423736,False,tumour
luminal,R+D,24,HARS2,2,0.06704769283533096,-0.03333817794919014,-0.16537541151046753,1.0020300248805845,0.7102897102897103,False,-0.2810827012652923,False,mixed
luminal,R+D,25,LARP1,2,0.08442506194114685,-0.1323917657136917,0.007820487022399902,1.0277206862120718,0.4245754245754246,False,-0.1200473511708946,False,mixed
luminal,R+D,26,BMPR1B,2,0.10310299694538116,-0.07257287204265594,-0.46613001823425293,1.034435854070336,0.12987012987012986,False,0.0065137922018242,False,mixed
luminal,R+D,27,KCTD6,2,0.571853518486023,-0.5273281335830688,-0.6159113645553589,1.0554292860468504,0.000999000999000999,False,-0.037005962061777,False,tumour
luminal,R+D,28,HSPA9,2,0.4681463837623596,-0.5065791606903076,-0.16509096324443817,1.042681570755507,0.000999000999000999,False,-2.416583702259088,False,mixed
luminal,R+D,29,RAB11FIP3,2,0.05396433174610138,0.008813664317131042,-0.6906303763389587,1.0309025993375927,0.6943056943056943,True,-0.034869610548466,False,mixed
luminal,R+D,30,TBCA,2,0.17721295356750488,-0.14972133934497833,-0.1667744219303131,1.015139418854604,0.008991008991008992,False,-0.9658773023221144,False,mixed
luminal,R+D,31,ERBB3,2,0.5614548921585083,-0.5280485153198242,-0.5409531593322754,1.0551194824562076,0.000999000999000999,False,-0.2278869933559683,False,tumour
luminal,R+D,32,GNPDA1,2,0.3557274341583252,-0.32848817110061646,-0.39825063943862915,1.029283888706517,0.02097902097902098,False,-0.0121835423942001,False,mixed
luminal,R+D,33,DPP9,2,-0.1917639970779419,0.19891388714313507,-0.09462106972932816,1.0023544345307391,0.2037962037962038,False,0.0196900256499372,False,mixed
luminal,R+D,34,COPZ1,2,0.22752507030963898,-0.20927587151527405,-0.1929543912410736,1.0147560117672052,0.007992007992007992,True,-1.4354797375805797,False,mixed
luminal,R+D,35,HEXIM2,2,0.08583232015371323,-0.17959174513816833,0.3007851541042328,1.0336709692583868,0.6183816183816184,True,-0.1224763071336526,False,mixed
luminal,R+D,36,COG7,2,0.14246733486652374,-0.1545969843864441,-0.37137705087661743,1.0434421283910607,0.2837162837162837,True,-0.2923722503611492,False,mixed
luminal,R+D,37,UBTF,2,-0.1217573881149292,0.09855499863624573,-0.10670420527458191,1.017492273002508,0.2917082917082917,False,-1.814800635695076,False,mixed
luminal,R+D,38,B4GALT7,2,0.2275412678718567,-0.37817102670669556,0.4375346899032593,1.0352711000746475,0.13986013986013987,False,-0.1010899605259773,False,mixed
luminal,R+D,39,NDUFA2,2,0.11948340386152267,-0.06978565454483032,-0.38834601640701294,1.0125847360325146,0.04095904095904096,True,-0.6489106451813959,False,mixed
luminal,R+D,40,DDX41,2,0.12076961249113083,-0.08614594489336014,-0.44040748476982117,1.031431723629034,0.34265734265734266,False,-1.3538255853140757,False,mixed
luminal,R+D,41,IFT140,2,0.2144521325826645,-0.24084213376045227,-0.23480325937271118,1.050828579418952,0.16183816183816183,True,-0.084463706404427,False,mixed
luminal,R+D,42,CASZ1,2,1.099236011505127,-1.0846272706985474,-0.5154776573181152,1.0795024490299356,0.000999000999000999,False,-0.0184250897655126,False,tumour
luminal,R+D,43,HSPA4,2,0.16668881475925446,-0.19094966351985931,-0.1401728242635727,1.0217151097784842,0.14485514485514486,False,-0.1155850740356116,False,mixed
luminal,R+D,44,MRPS30,2,0.1728089600801468,-0.16586798429489136,-0.3408925235271454,1.0255997964752241,0.1928071928071928,False,-0.4978617987830434,False,mixed
luminal,R+D,45,EARS2,2,-0.170271098613739,0.09943194687366486,0.0910855382680893,1.00835635325262,0.38161838161838163,False,-0.2494711976483101,False,mixed
luminal,R+D,46,UQCRQ,2,0.2521059215068817,-0.2452886551618576,-0.170981302857399,1.0124741857524393,0.000999000999000999,False,-0.4907075192361677,False,mixed
luminal,R+D,47,WDR90,2,0.12072601914405823,-0.1879366636276245,0.11117962002754211,1.0363448417492171,0.4165834165834166,False,0.1321282000604565,False,mixed
luminal,R+D,48,PRR15L,2,0.54793381690979,-0.45757532119750977,-0.9566355347633362,1.056709835130798,0.000999000999000999,False,-0.0146212356009282,False,tumour
luminal,R+D,49,POLR3K,2,0.4583274722099304,-0.45707184076309204,-0.04304634779691696,1.015876698468085,0.000999000999000999,False,-1.3148045006118532,False,mixed
luminal,R+D,50,ZFYVE19,2,0.08658120036125183,-0.22938299179077148,0.37564364075660706,1.0196768922754225,0.5664335664335665,False,-0.085385152236468,False,mixed
