section,gene,expected,lfc_tumour,lfc_stroma,lfc_immune,passes
1142243F,EPCAM,tumour,0.2381640374660492,-0.20485152304172516,-0.8580406904220581,False
1142243F,KRT8,tumour,0.23297959566116333,-0.18583974242210388,-1.2632336616516113,False
1142243F,KRT18,tumour,-0.061143163591623306,0.10425705462694168,-0.8997820019721985,False
1142243F,PTPRC,immune,-0.4472396969795227,0.17762787640094757,2.283674716949463,True
1142243F,COL1A1,stroma,-0.8272996544837952,0.8310742974281311,0.5304376482963562,True
1142243F,DCN,stroma,-0.707927942276001,0.716549277305603,0.3687361180782318,True
1142243F,ACTB,housekeeping,-0.06318281590938568,0.06076386570930481,0.0872347503900528,True
1142243F,GAPDH,housekeeping,-0.010675149038434029,0.033936116844415665,-0.4233715832233429,True
1160920F,EPCAM,tumour,0.9296920299530029,-0.7786573171615601,-1.5718986988067627,True
1160920F,KRT8,tumour,0.34905102849006653,-0.19439250230789185,-1.2727848291397095,False
1160920F,KRT18,tumour,0.33703097701072693,-0.1977211982011795,-1.1102726459503174,False
1160920F,PTPRC,immune,-1.3329741954803467,0.7819824814796448,1.9769811630249023,True
1160920F,COL1A1,stroma,-1.1634026765823364,1.2145053148269653,0.007278830744326115,True
1160920F,DCN,stroma,-1.3494329452514648,1.1866428852081299,0.9930557608604431,True
1160920F,ACTB,housekeeping,0.02234783209860325,-0.1374800205230713,0.4724966287612915,True
1160920F,GAPDH,housekeeping,0.3249890208244324,-0.26041725277900696,-0.5211416482925415,True
CID4290,EPCAM,tumour,0.6644225716590881,-0.6644225120544434,,True
CID4290,KRT8,tumour,0.6886441111564636,-0.6886441707611084,,True
CID4290,KRT18,tumour,0.34240594506263733,-0.3424060344696045,,False
CID4290,PTPRC,immune,-1.1451973915100098,1.1451973915100098,,
CID4290,COL1A1,stroma,-0.24836677312850952,0.24836669862270355,,False
CID4290,DCN,stroma,-0.8725526928901672,0.8725526928901672,,True
CID4290,ACTB,housekeeping,0.12277286499738693,-0.12277287989854813,,True
CID4290,GAPDH,housekeeping,0.23840197920799255,-0.23840200901031494,,True
CID4465,EPCAM,tumour,1.1116042137145996,-1.1116042137145996,,True
CID4465,KRT8,tumour,0.707187294960022,-0.7071873545646667,,True
CID4465,KRT18,tumour,0.6471635103225708,-0.6471635103225708,,True
CID4465,PTPRC,immune,-0.3835967779159546,0.38359686732292175,,
CID4465,COL1A1,stroma,-0.18494795262813568,0.18494796752929688,,False
CID4465,DCN,stroma,-0.9906027317047119,0.9906027913093567,,True
CID4465,ACTB,housekeeping,0.27157914638519287,-0.2715791165828705,,True
CID4465,GAPDH,housekeeping,0.40424206852912903,-0.40424203872680664,,True
CID44971,EPCAM,tumour,0.4469776749610901,-0.25849929451942444,-0.7522656917572021,False
CID44971,KRT8,tumour,0.4734416902065277,-0.3902119994163513,-0.4386594891548157,False
CID44971,KRT18,tumour,-0.3998280167579651,0.5271698832511902,-0.22589674592018127,False
CID44971,PTPRC,immune,-0.19977211952209473,-1.0329835414886475,1.6875112056732178,True
CID44971,COL1A1,stroma,-0.19922339916229248,0.5320520997047424,-1.139703392982483,True
CID44971,DCN,stroma,-0.5350638031959534,0.5898184180259705,0.023691419512033463,True
CID44971,ACTB,housekeeping,0.3096245527267456,-0.4921905994415283,0.23629993200302124,True
CID44971,GAPDH,housekeeping,0.2784491777420044,-0.20356187224388123,-0.3176034986972809,True
CID4535,EPCAM,tumour,0.5502648949623108,-0.39973485469818115,-0.7638903260231018,True
CID4535,KRT8,tumour,0.6130203008651733,-0.6331185698509216,-0.3814621567726135,True
CID4535,KRT18,tumour,0.7496769428253174,-0.6453810930252075,-0.7791839241981506,True
CID4535,PTPRC,immune,-0.8775166869163513,0.5126532316207886,1.1469508409500122,True
CID4535,COL1A1,stroma,-2.1458311080932617,2.4445621967315674,-0.4221043586730957,True
CID4535,DCN,stroma,-1.5240522623062134,1.725183367729187,0.009263109415769577,True
CID4535,ACTB,housekeeping,-0.6105406284332275,0.45381104946136475,0.6704984903335571,False
CID4535,GAPDH,housekeeping,0.0835048109292984,-0.1380012035369873,0.06402137130498886,True
V19T26-012_A1,EPCAM,tumour,0.9797681570053101,-0.5620262622833252,-1.0776536464691162,True
V19T26-012_A1,KRT8,tumour,1.11728036403656,-0.7660986185073853,-1.0242109298706055,True
V19T26-012_A1,KRT18,tumour,0.9552638530731201,-0.6166226267814636,-0.9146102070808411,True
V19T26-012_A1,PTPRC,immune,-2.929156541824341,0.5459324717521667,2.131776809692383,True
V19T26-012_A1,COL1A1,stroma,-3.034356117248535,2.4061009883880615,0.08973801136016846,True
V19T26-012_A1,DCN,stroma,-3.2150096893310547,2.1766066551208496,0.4954410195350647,True
V19T26-012_A1,ACTB,housekeeping,-0.7071098685264587,0.48792168498039246,0.40944531559944153,True
V19T26-012_A1,GAPDH,housekeeping,0.3446897864341736,-0.2004966288805008,-0.321938693523407,True
V19T26-012_B1,EPCAM,tumour,1.0339736938476562,-0.5616235733032227,-1.1484196186065674,True
V19T26-012_B1,KRT8,tumour,0.8213495016098022,-0.5001056790351868,-0.7780489325523376,True
V19T26-012_B1,KRT18,tumour,0.7815576195716858,-0.45346394181251526,-0.7699711918830872,True
V19T26-012_B1,PTPRC,immune,-2.5894415378570557,0.37124836444854736,2.063905954360962,True
V19T26-012_B1,COL1A1,stroma,-2.329751968383789,1.9297876358032227,0.18637558817863464,True
V19T26-012_B1,DCN,stroma,-2.5841236114501953,1.6777716875076294,0.69769287109375,True
V19T26-012_B1,ACTB,housekeeping,-0.6412907242774963,0.3534528315067291,0.4743753671646118,True
V19T26-012_B1,GAPDH,housekeeping,0.2545599639415741,-0.07067403942346573,-0.33358892798423767,True
V19T26-012_C1,EPCAM,tumour,1.088430643081665,-0.783686637878418,-1.0050917863845825,True
V19T26-012_C1,KRT8,tumour,1.0221682786941528,-0.808350682258606,-0.8177558183670044,True
V19T26-012_C1,KRT18,tumour,0.8714141249656677,-0.5691086053848267,-0.8723069429397583,True
V19T26-012_C1,PTPRC,immune,-1.8282766342163086,0.33022773265838623,1.825244665145874,True
V19T26-012_C1,COL1A1,stroma,-2.988304615020752,2.1366217136383057,0.6749243140220642,True
V19T26-012_C1,DCN,stroma,-2.9900782108306885,1.7907960414886475,1.0978388786315918,True
V19T26-012_C1,ACTB,housekeeping,-0.9869114756584167,0.6686928272247314,0.6236898303031921,False
V19T26-012_C1,GAPDH,housekeeping,0.08503799885511398,-0.08728303760290146,-0.028981627896428108,True
V19T26-012_D1,EPCAM,tumour,0.8596360087394714,-0.5877366662025452,-0.7669246792793274,True
V19T26-012_D1,KRT8,tumour,0.7591403722763062,-0.4784536063671112,-0.7238242030143738,True
V19T26-012_D1,KRT18,tumour,0.7239800095558167,-0.4656219184398651,-0.672265350818634,True
V19T26-012_D1,PTPRC,immune,-2.3000400066375732,0.5669593811035156,1.8591481447219849,True
V19T26-012_D1,COL1A1,stroma,-3.033764362335205,2.127793073654175,0.6246381998062134,True
V19T26-012_D1,DCN,stroma,-2.9337387084960938,1.706406593322754,1.0644347667694092,True
V19T26-012_D1,ACTB,housekeeping,-1.032004714012146,0.7561420798301697,0.5364367365837097,False
V19T26-012_D1,GAPDH,housekeeping,0.11891493946313858,-0.14998166263103485,-0.007915247231721878,True
V10F24-112_C1,EPCAM,tumour,0.4691632091999054,-0.5122940540313721,-0.12674082815647125,False
V10F24-112_C1,KRT8,tumour,0.4770127534866333,-0.4684861898422241,-0.1869848072528839,False
V10F24-112_C1,KRT18,tumour,0.45813673734664917,-0.470746248960495,-0.15493640303611755,False
V10F24-112_C1,PTPRC,immune,-1.274897575378418,0.38866522908210754,1.0865721702575684,True
V10F24-112_C1,COL1A1,stroma,-1.8056989908218384,1.6432387828826904,0.09056683629751205,True
V10F24-112_C1,DCN,stroma,-2.320335626602173,2.042078971862793,0.0013934182934463024,True
V10F24-112_C1,ACTB,housekeeping,-0.3372182846069336,0.2997152805328369,0.12129668146371841,True
V10F24-112_C1,GAPDH,housekeeping,0.3405006527900696,-0.21416135132312775,-0.2708689868450165,True
V10F24-112_D1,EPCAM,tumour,0.513818621635437,-0.5733768939971924,-0.15035724639892578,True
V10F24-112_D1,KRT8,tumour,0.36226609349250793,-0.3505111336708069,-0.15710502862930298,False
V10F24-112_D1,KRT18,tumour,0.6053276658058167,-0.7051804661750793,-0.15702496469020844,True
V10F24-112_D1,PTPRC,immune,-1.7084197998046875,0.19499711692333221,1.7078577280044556,True
V10F24-112_D1,COL1A1,stroma,-1.9060050249099731,1.7527179718017578,0.13909819722175598,True
V10F24-112_D1,DCN,stroma,-2.576355457305908,2.3824968338012695,-0.14126655459403992,True
V10F24-112_D1,ACTB,housekeeping,-0.28246206045150757,0.19853347539901733,0.18501074612140656,True
V10F24-112_D1,GAPDH,housekeeping,0.41038811206817627,-0.309554785490036,-0.2880241870880127,True
V10F24-113_A1,EPCAM,tumour,1.5220853090286255,-1.147033452987671,-1.170175313949585,True
V10F24-113_A1,KRT8,tumour,1.551627278327942,-1.3892639875411987,-0.9432488679885864,True
V10F24-113_A1,KRT18,tumour,1.5049195289611816,-1.3717941045761108,-0.8814528584480286,True
V10F24-113_A1,PTPRC,immune,-1.9833780527114868,0.5316184163093567,1.4142670631408691,True
V10F24-113_A1,COL1A1,stroma,-2.4451241493225098,2.040086507797241,0.00234994781203568,True
V10F24-113_A1,DCN,stroma,-2.7723867893218994,1.9586517810821533,0.31154823303222656,True
V10F24-113_A1,ACTB,housekeeping,-0.5563403367996216,0.4766441285610199,0.17679694294929504,True
V10F24-113_A1,GAPDH,housekeeping,0.41030994057655334,-0.1703214943408966,-0.4249430000782013,True
V10F24-114_C1,EPCAM,tumour,0.5865002274513245,-0.5439918041229248,-0.32922953367233276,True
V10F24-114_C1,KRT8,tumour,0.15469729900360107,-0.16229893267154694,-0.05590762943029404,False
V10F24-114_C1,KRT18,tumour,0.23182278871536255,-0.20829716324806213,-0.12566593289375305,False
V10F24-114_C1,PTPRC,immune,-1.52559494972229,0.6496511101722717,1.17323899269104,True
V10F24-114_C1,COL1A1,stroma,-2.2698099613189697,2.049260377883911,0.18868981301784515,True
V10F24-114_C1,DCN,stroma,-2.5135295391082764,1.997768759727478,0.46632134914398193,True
V10F24-114_C1,ACTB,housekeeping,-0.37917497754096985,0.3426818549633026,0.1657416820526123,True
V10F24-114_C1,GAPDH,housekeeping,0.24032828211784363,-0.20762591063976288,-0.1399601846933365,True
V19T26-031_C1,EPCAM,tumour,1.1336246728897095,-0.6992799043655396,-0.9126002788543701,True
V19T26-031_C1,KRT8,tumour,1.3964725732803345,-0.9402058124542236,-1.0801546573638916,True
V19T26-031_C1,KRT18,tumour,1.1735819578170776,-0.7548728585243225,-0.9122380614280701,True
V19T26-031_C1,PTPRC,immune,-1.6002146005630493,0.2776276469230652,1.2459748983383179,True
V19T26-031_C1,COL1A1,stroma,-2.1908156871795654,2.0140042304992676,-0.3351302146911621,True
V19T26-031_C1,DCN,stroma,-2.2414722442626953,1.7923954725265503,-0.0061035724356770515,True
V19T26-031_C1,ACTB,housekeeping,-0.2643018662929535,0.020483389496803284,0.3028891980648041,True
V19T26-031_C1,GAPDH,housekeeping,0.6140501499176025,-0.45890775322914124,-0.3476262390613556,False
V19T26-031_B1,EPCAM,tumour,0.706750214099884,-0.3942221999168396,-0.5348467826843262,True
V19T26-031_B1,KRT8,tumour,0.973930835723877,-0.6863967180252075,-0.6161736249923706,True
V19T26-031_B1,KRT18,tumour,0.6831488609313965,-0.437136173248291,-0.4499553442001343,True
V19T26-031_B1,PTPRC,immune,-0.9022485017776489,0.35616984963417053,0.5794179439544678,True
V19T26-031_B1,COL1A1,stroma,-0.9814615845680237,1.082025408744812,-0.19436565041542053,True
V19T26-031_B1,DCN,stroma,-1.2212644815444946,1.1015868186950684,0.017341619357466698,True
V19T26-031_B1,ACTB,housekeeping,-0.0385155975818634,0.023270433768630028,0.022167304530739784,True
V19T26-031_B1,GAPDH,housekeeping,0.22158490121364594,-0.12934018671512604,-0.14251145720481873,True
V19T26-032_D1,EPCAM,tumour,0.692314863204956,-0.2796086370944977,-0.6602940559387207,True
V19T26-032_D1,KRT8,tumour,0.947413444519043,-0.9241200685501099,-0.28680962324142456,True
V19T26-032_D1,KRT18,tumour,0.8758870363235474,-0.6872757077217102,-0.43288886547088623,True
V19T26-032_D1,PTPRC,immune,-1.103560447692871,0.3847709596157074,0.7012208104133606,True
V19T26-032_D1,COL1A1,stroma,-1.5747328996658325,1.3943862915039062,-0.12728209793567657,True
V19T26-032_D1,DCN,stroma,-1.5506806373596191,1.2817015647888184,0.0023106273729354143,True
V19T26-032_D1,ACTB,housekeeping,-0.10367341339588165,0.10119746625423431,0.009513942524790764,True
V19T26-032_D1,GAPDH,housekeeping,0.39529815316200256,-0.42904287576675415,-0.03026692196726799,True
V19T26-032_C1,EPCAM,tumour,0.7760288715362549,-0.33922791481018066,-0.7330746650695801,True
V19T26-032_C1,KRT8,tumour,0.9313139319419861,-0.6518733501434326,-0.5842415690422058,True
V19T26-032_C1,KRT18,tumour,0.6734070181846619,-0.5094156861305237,-0.34959790110588074,True
V19T26-032_C1,PTPRC,immune,-0.8798513412475586,0.27500155568122864,0.6480453014373779,True
V19T26-032_C1,COL1A1,stroma,-1.4604220390319824,1.349548101425171,-0.1216026097536087,True
V19T26-032_C1,DCN,stroma,-1.4000011682510376,1.079647421836853,0.17749784886837006,True
V19T26-032_C1,ACTB,housekeeping,-0.1066439300775528,0.07458166778087616,0.0479915514588356,True
V19T26-032_C1,GAPDH,housekeeping,0.36311066150665283,-0.3535446524620056,-0.08108700811862946,True
V19T26-032_B1,EPCAM,tumour,1.1296089887619019,-0.6702765822410583,-0.8917503952980042,True
V19T26-032_B1,KRT8,tumour,0.9641201496124268,-0.7688637971878052,-0.5108885169029236,True
V19T26-032_B1,KRT18,tumour,0.9563231468200684,-0.6513790488243103,-0.6268969774246216,True
V19T26-032_B1,PTPRC,immune,-0.6629435420036316,0.0654831975698471,0.6501667499542236,True
V19T26-032_B1,COL1A1,stroma,-1.8112412691116333,1.7451213598251343,-0.3338184654712677,True
V19T26-032_B1,DCN,stroma,-1.7753732204437256,1.4597660303115845,0.01451516430824995,True
V19T26-032_B1,ACTB,housekeeping,-0.08215995132923126,0.017656292766332626,0.08163052797317505,True
V19T26-032_B1,GAPDH,housekeeping,0.45643675327301025,-0.31310370564460754,-0.2598024308681488,True
V19T26-032_A1,EPCAM,tumour,0.772423505783081,-0.48505327105522156,-0.5028405785560608,True
V19T26-032_A1,KRT8,tumour,0.8102428317070007,-0.637945830821991,-0.39095115661621094,True
V19T26-032_A1,KRT18,tumour,0.7926199436187744,-0.5873462557792664,-0.4190334379673004,True
V19T26-032_A1,PTPRC,immune,-0.8869495987892151,0.43852731585502625,0.4471516013145447,False
V19T26-032_A1,COL1A1,stroma,-1.4557832479476929,1.4233386516571045,-0.2523196041584015,True
V19T26-032_A1,DCN,stroma,-1.596496343612671,1.3075529336929321,0.010930124670267105,True
V19T26-032_A1,ACTB,housekeeping,0.01917753927409649,-0.0384574830532074,0.018979473039507866,True
V19T26-032_A1,GAPDH,housekeeping,0.38677284121513367,-0.3021828234195709,-0.16146764159202576,True
