replicate,gene,compartment,log2_ratio,n_cells,is_candidate
xe1,EPCAM,tumour,3.3894107341766357,62755,False
xe1,ERBB2,tumour,1.6862658262252808,62755,True
xe1,FOXA1,tumour,2.793631076812744,62755,True
xe1,GATA3,tumour,2.744821071624756,62755,True
xe1,HMGA1,tumour,0.6757689714431763,62755,True
xe1,KRT8,tumour,3.225951671600342,62755,False
xe1,PTPRC,tumour,-4.806334018707275,62755,False
xe1,SRPK1,tumour,0.6101514101028442,62755,True
xe1,TRAF4,tumour,2.0260860919952393,62755,True
xe1,EPCAM,stroma,-2.60852313041687,51200,False
xe1,ERBB2,stroma,-1.0159270763397217,51200,True
xe1,FOXA1,stroma,-2.0441231727600098,51200,True
xe1,GATA3,stroma,-2.2798619270324707,51200,True
xe1,HMGA1,stroma,-0.954782247543335,51200,True
xe1,KRT8,stroma,-2.5821895599365234,51200,False
xe1,PTPRC,stroma,-0.7013360857963562,51200,False
xe1,SRPK1,stroma,-0.6318058371543884,51200,True
xe1,TRAF4,stroma,-1.3696889877319336,51200,True
xe1,EPCAM,immune,-3.040418863296509,34137,False
xe1,ERBB2,immune,-1.6011220216751099,34137,True
xe1,FOXA1,immune,-2.496976613998413,34137,True
xe1,GATA3,immune,-1.9812101125717163,34137,True
xe1,HMGA1,immune,0.12004988640546799,34137,True
xe1,KRT8,immune,-2.641359567642212,34137,False
xe1,PTPRC,immune,3.1674978733062744,34137,False
xe1,SRPK1,immune,-0.11363423615694046,34137,True
xe1,TRAF4,immune,-1.7741756439208984,34137,True
xe2,EPCAM,tumour,3.6510679721832275,34805,False
xe2,ERBB2,tumour,1.7914243936538696,34805,True
xe2,FOXA1,tumour,3.267012596130371,34805,True
xe2,GATA3,tumour,2.985769271850586,34805,True
xe2,HMGA1,tumour,0.8382261991500854,34805,True
xe2,KRT8,tumour,3.3702080249786377,34805,False
xe2,PTPRC,tumour,-4.794308662414551,34805,False
xe2,SRPK1,tumour,0.8087146282196045,34805,True
xe2,TRAF4,tumour,2.2024943828582764,34805,True
xe2,EPCAM,stroma,-2.7423248291015625,45892,False
xe2,ERBB2,stroma,-1.0610400438308716,45892,True
xe2,FOXA1,stroma,-2.4075889587402344,45892,True
xe2,GATA3,stroma,-2.380621910095215,45892,True
xe2,HMGA1,stroma,-1.1112052202224731,45892,True
xe2,KRT8,stroma,-2.5682284832000732,45892,False
xe2,PTPRC,stroma,-0.9049391150474548,45892,False
xe2,SRPK1,stroma,-0.809210479259491,45892,True
xe2,TRAF4,stroma,-1.4969851970672607,45892,True
xe2,EPCAM,immune,-3.020458459854126,25077,False
xe2,ERBB2,immune,-1.451256513595581,25077,True
xe2,FOXA1,immune,-2.6053271293640137,25077,True
xe2,GATA3,immune,-1.9089045524597168,25077,True
xe2,HMGA1,immune,0.25818559527397156,25077,True
xe2,KRT8,immune,-2.5532822608947754,25077,False
xe2,PTPRC,immune,2.855388641357422,25077,False
xe2,SRPK1,immune,-0.02773604728281498,25077,True
xe2,TRAF4,immune,-1.591827392578125,25077,True
