section,dataset,subtype,spots,scale,mpp_full_res,side_px,seconds
V19T26-012_A1,li2025,TNBC,3536,3.3332585523200002,0.23222460458195537,482,932.1
V19T26-012_B1,li2025,TNBC,2968,3.3332585523200002,0.23130165151215074,484,767.3
V19T26-012_C1,li2025,TNBC,2122,3.3332585523200002,0.2320375042711088,483,550.2
V19T26-012_D1,li2025,TNBC,1943,3.3332585523200002,0.23192297587309724,483,502.5
V10F24-112_C1,li2025,HER2+,2386,3.3334256537599996,0.145579365876285,769,624.1
V10F24-112_D1,li2025,HER2+,2605,3.3334256537599996,0.14558443037798155,769,676.8
V10F24-113_A1,li2025,HER2+,3234,3.333333248,0.14556641820409508,769,837.4
V10F24-114_C1,li2025,HER2+,3285,3.333333248,0.1455306611499049,770,852.3
V19T26-031_C1,li2025,HER2+,2617,3.3332909440000003,0.14563047251108402,769,680.8
V19T26-031_B1,li2025,HER2+,2298,3.3332909440000003,0.14560850021662078,769,597.0
V19T26-032_D1,li2025,HER2+,2720,3.3332909440000003,0.145389590224687,770,707.6
V19T26-032_C1,li2025,HER2+,2676,3.3332909440000003,0.14545432899433527,770,697.5
V19T26-032_B1,li2025,HER2+,2371,3.3332909440000003,0.1454115580730519,770,615.0
V19T26-032_A1,li2025,HER2+,2445,3.3332909440000003,0.14551641099506832,770,636.1
janesick_vis,janesick2023,HER2+,4992,1.0000000016269999,0.43023938795781475,260,1285.2
